plist configuration,scheduler,pids,instantiation times,start_times,finish times,total wait times,turnaround times,average queue lengths,response times,required cpu time,process sizes,turnaround stat
RAND,CFS,0,60,60,224745,224663,224685,30.1,0,4099,LARGE,55
RAND,CFS,1,92,102,207426,207311,207334,32.1,10,3308,MEDiUM,63
RAND,CFS,2,183,189,59523,59325,59340,43.9,6,658,SMALL,91
RAND,CFS,3,194,197,219450,219246,219256,30.7,3,3817,MEDiUM,58
RAND,CFS,4,217,217,997,774,780,8.4,0,64,SMALL,13
RAND,CFS,5,234,238,183531,183287,183297,34.2,4,2644,MEDiUM,70
RAND,CFS,6,316,319,76477,76153,76161,42.5,3,875,SMALL,88
RAND,CFS,7,334,335,230066,229725,229732,29.1,1,4541,LARGE,51
RAND,CFS,8,479,479,39575,39091,39096,43.7,0,430,SMALL,91
RAND,CFS,9,631,631,89241,88606,88610,41.2,0,1051,MEDiUM,85
RAND,CFS,10,675,676,168063,167383,167388,35.4,1,2331,MEDiUM,72
RAND,CFS,11,1086,1088,59199,58107,58113,43.7,2,654,SMALL,89
RAND,CFS,12,1158,1160,160293,159129,159135,36.2,2,2183,MEDiUM,73
RAND,CFS,13,1160,1163,219241,218074,218081,30.8,3,3807,MEDiUM,58
RAND,CFS,14,1200,1202,232624,231418,231424,28.5,2,4941,LARGE,47
RAND,CFS,15,1306,1307,64427,63116,63121,43.6,1,718,SMALL,88
RAND,CFS,16,1337,1337,223894,222553,222557,30.2,0,4047,LARGE,55
RAND,CFS,17,1564,1565,228503,226933,226939,29.5,1,4394,LARGE,52
RAND,CFS,18,1632,1634,162247,160609,160615,36.0,2,2219,MEDiUM,73
RAND,CFS,19,1662,1664,157503,155835,155841,36.4,2,2133,MEDiUM,74
RAND,CFS,20,1672,1673,115845,114169,114173,39.3,1,1442,MEDiUM,80
RAND,CFS,21,1674,1675,225777,224098,224103,29.9,1,4168,LARGE,54
RAND,CFS,22,1717,1718,82131,80410,80414,41.9,1,951,SMALL,85
RAND,CFS,23,1725,1726,12927,11198,11202,38.1,1,138,SMALL,82
RAND,CFS,24,1799,1800,62921,61118,61122,43.3,1,699,SMALL,88
RAND,CFS,25,2067,2067,194385,192315,192318,33.3,0,2885,MEDiUM,67
RAND,CFS,26,2379,2380,232654,230254,230275,28.6,1,4969,LARGE,47
RAND,CFS,27,2549,2550,199265,196712,196716,32.8,1,3005,MEDiUM,66
RAND,CFS,28,2910,2910,232117,229204,229207,28.8,0,4804,LARGE,48
RAND,CFS,29,3106,3106,195947,192838,192841,33.3,0,2922,MEDiUM,66
RAND,CFS,30,3188,3188,125971,122780,122783,39.0,0,1600,MEDiUM,77
RAND,CFS,31,3193,3194,69603,66406,66410,43.7,1,784,SMALL,85
RAND,CFS,32,3310,3310,86753,83440,83443,42.2,0,1015,MEDiUM,83
RAND,CFS,33,3418,3418,223331,219910,219913,30.5,0,4016,LARGE,55
RAND,CFS,34,3506,3506,179137,175628,175631,34.9,0,2552,MEDiUM,69
RAND,CFS,35,3666,3666,115731,112062,112065,40.0,0,1440,MEDiUM,78
RAND,CFS,36,3695,3696,232518,228819,228823,28.9,1,4890,LARGE,47
RAND,CFS,37,3808,3808,54947,51136,51139,45.1,0,604,SMALL,85
RAND,CFS,38,3814,3814,201652,197834,197838,32.9,0,3089,MEDiUM,65
RAND,CFS,39,3885,3886,18115,14226,14230,46.2,1,192,SMALL,75
RAND,CFS,40,4068,4068,205164,201093,201096,32.6,0,3218,MEDiUM,63
RAND,CFS,41,4243,4244,230982,226733,226739,29.3,1,4640,LARGE,49
RAND,CFS,42,4357,4358,188991,184630,184634,34.2,1,2762,MEDiUM,67
RAND,CFS,43,4363,4364,128467,124100,124104,39.2,1,1640,MEDiUM,76
RAND,CFS,44,4410,4410,142449,138036,138039,38.1,0,1873,MEDiUM,74
RAND,CFS,45,4425,4426,216344,211915,211919,31.5,1,3678,MEDiUM,58
RAND,CFS,46,4481,4482,232458,227972,227977,29.0,1,4875,LARGE,47
RAND,CFS,47,4786,4786,231555,226764,226769,29.3,0,4715,LARGE,49
RAND,CFS,48,4799,4800,22733,17930,17934,47.9,1,242,SMALL,75
RAND,CFS,49,4994,4994,16723,11726,11729,48.8,0,177,SMALL,67
RAND,MLFQ,0,60,60,119606,119506,119546,26.9,0,4099,LARGE,30
RAND,MLFQ,1,92,123,107857,107705,107765,29.7,31,3308,MEDiUM,33
RAND,MLFQ,2,183,228,23226,22959,23043,34.1,45,658,SMALL,36
RAND,MLFQ,3,194,249,116745,116458,116551,28.2,55,3817,MEDiUM,31
RAND,MLFQ,4,217,291,715,399,498,7.5,74,64,SMALL,8
RAND,MLFQ,5,234,333,92445,92087,92211,32.5,99,2644,MEDiUM,35
RAND,MLFQ,6,316,438,35187,34713,34871,37.6,122,875,SMALL,40
RAND,MLFQ,7,334,480,125894,125392,125560,25.2,146,4541,LARGE,28
RAND,MLFQ,8,479,606,15770,15133,15291,34.1,127,430,SMALL,36
RAND,MLFQ,9,631,821,43805,42952,43174,38.2,190,1051,MEDiUM,42
RAND,MLFQ,10,675,884,86812,85896,86137,34.0,209,2331,MEDiUM,37
RAND,MLFQ,11,1086,1304,29058,27719,27972,40.3,218,654,SMALL,43
RAND,MLFQ,12,1158,1367,82713,81322,81555,35.0,209,2183,MEDiUM,38
RAND,MLFQ,13,1160,1388,118284,116868,117124,28.4,228,3807,MEDiUM,31
RAND,MLFQ,14,1200,1451,128773,127300,127573,23.6,251,4941,LARGE,26
RAND,MLFQ,15,1306,1577,32332,30716,31026,41.1,271,718,SMALL,44
RAND,MLFQ,16,1337,1598,121567,119941,120230,27.4,261,4047,LARGE,30
RAND,MLFQ,17,1564,1892,125304,123377,123740,25.8,328,4394,LARGE,29
RAND,MLFQ,18,1632,1976,85582,83566,83950,34.9,344,2219,MEDiUM,38
RAND,MLFQ,19,1662,2039,83609,81536,81947,35.2,377,2133,MEDiUM,39
RAND,MLFQ,20,1672,2060,61842,59759,60170,38.0,388,1442,MEDiUM,42
RAND,MLFQ,21,1674,2081,123273,121163,121599,26.6,407,4168,LARGE,30
RAND,MLFQ,22,1717,2144,43688,41512,41971,40.6,427,951,SMALL,45
RAND,MLFQ,23,1725,2186,6971,4746,5246,36.9,461,138,SMALL,39
RAND,MLFQ,24,1799,2249,33260,30971,31461,42.1,450,699,SMALL,46
RAND,MLFQ,25,2067,2585,103051,100440,100984,32.2,518,2885,MEDiUM,36
RAND,MLFQ,26,2379,2921,129125,126174,126746,23.2,542,4969,LARGE,26
RAND,MLFQ,27,2549,3110,105895,102759,103346,31.7,561,3005,MEDiUM,35
RAND,MLFQ,28,2910,3425,128603,125153,125693,23.9,515,4804,LARGE,27
RAND,MLFQ,29,3106,3677,104314,100614,101208,32.0,571,2922,MEDiUM,35
RAND,MLFQ,30,3188,3782,67449,63626,64261,37.8,594,1600,MEDiUM,41
RAND,MLFQ,31,3193,3803,38846,35018,35653,42.4,610,784,SMALL,46
RAND,MLFQ,32,3310,3929,47643,43678,44333,40.8,619,1015,MEDiUM,44
RAND,MLFQ,33,3418,4013,122235,118185,118817,27.3,595,4016,LARGE,30
RAND,MLFQ,34,3506,4202,95839,91604,92333,33.5,696,2552,MEDiUM,37
RAND,MLFQ,35,3666,4391,62871,58439,59205,38.5,725,1440,MEDiUM,42
RAND,MLFQ,36,3695,4433,128973,124509,125278,23.4,738,4890,LARGE,26
RAND,MLFQ,37,3808,4580,32841,28236,29033,43.9,772,604,SMALL,49
RAND,MLFQ,38,3814,4601,107951,103320,104137,31.1,787,3089,MEDiUM,34
RAND,MLFQ,39,3885,4664,13599,8902,9714,47.0,779,192,SMALL,51
RAND,MLFQ,40,4068,4895,110826,105892,106758,30.4,827,3218,MEDiUM,34
RAND,MLFQ,41,4243,5063,127763,122659,123520,24.2,820,4640,LARGE,27
RAND,MLFQ,42,4357,5210,102100,96867,97743,32.3,853,2762,MEDiUM,36
RAND,MLFQ,43,4363,5231,70914,65642,66551,37.2,868,1640,MEDiUM,41
RAND,MLFQ,44,4410,5273,78551,73244,74141,36.2,863,1873,MEDiUM,40
RAND,MLFQ,45,4425,5315,118192,112838,113767,28.3,890,3678,MEDiUM,31
RAND,MLFQ,46,4481,5378,129073,123659,124592,23.1,897,4875,LARGE,26
RAND,MLFQ,47,4786,5672,128577,122869,123791,23.8,886,4715,LARGE,27
RAND,MLFQ,48,4799,5714,17768,12031,12969,46.2,915,242,SMALL,54
RAND,MLFQ,49,4994,6008,14226,8180,9232,47.0,1014,177,SMALL,53
RAND,RR,0,60,60,119312,119212,119252,27.8,0,4099,LARGE,30
RAND,RR,1,92,123,106954,106802,106862,30.8,31,3308,MEDiUM,33
RAND,RR,2,183,228,23604,23337,23421,35.1,45,658,SMALL,36
RAND,RR,3,194,270,116640,116332,116446,29.2,76,3817,MEDiUM,31
RAND,RR,4,217,312,799,462,582,8.5,95,64,SMALL,10
RAND,RR,5,234,354,93348,92969,93114,33.5,120,2644,MEDiUM,36
RAND,RR,6,316,459,34935,34440,34619,38.3,143,875,SMALL,40
RAND,RR,7,334,501,125726,125203,125392,26.3,167,4541,LARGE,28
RAND,RR,8,479,648,16148,15469,15669,35.7,169,430,SMALL,37
RAND,RR,9,631,821,43595,42742,42964,39.2,190,1051,MEDiUM,41
RAND,RR,10,675,884,86308,85392,85633,35.1,209,2331,MEDiUM,37
RAND,RR,11,1086,1304,29037,27698,27951,41.4,218,654,SMALL,43
RAND,RR,12,1158,1409,83798,82365,82640,36.0,251,2183,MEDiUM,38
RAND,RR,13,1160,1430,118515,117057,117355,29.3,270,3807,MEDiUM,31
RAND,RR,14,1200,1493,128920,127405,127720,24.6,293,4941,LARGE,26
RAND,RR,15,1306,1619,32584,30926,31278,42.2,313,718,SMALL,44
RAND,RR,16,1337,1661,121735,120046,120398,28.3,324,4047,LARGE,30
RAND,RR,17,1564,1913,125346,123398,123782,26.8,349,4394,LARGE,29
RAND,RR,18,1632,1997,85183,83146,83551,36.0,365,2219,MEDiUM,38
RAND,RR,19,1662,2060,83059,80965,81397,36.4,398,2133,MEDiUM,39
RAND,RR,20,1672,2081,61254,59150,59582,39.1,409,1442,MEDiUM,42
RAND,RR,21,1674,2102,123315,121184,121641,27.7,428,4168,LARGE,30
RAND,RR,22,1717,2165,43373,41176,41656,41.7,448,951,SMALL,44
RAND,RR,23,1725,2207,6782,4536,5057,38.0,482,138,SMALL,37
RAND,RR,24,1799,2291,33197,30866,31398,43.3,492,699,SMALL,45
RAND,RR,25,2067,2585,102988,100377,100921,33.2,518,2885,MEDiUM,35
RAND,RR,26,2379,2921,129125,126174,126746,24.2,542,4969,LARGE,26
RAND,RR,27,2549,3110,105958,102822,103409,32.6,561,3005,MEDiUM,35
RAND,RR,28,2910,3488,128687,125174,125777,24.8,578,4804,LARGE,27
RAND,RR,29,3106,3698,104692,100971,101586,32.9,592,2922,MEDiUM,35
RAND,RR,30,3188,3803,68058,64214,64870,38.7,615,1600,MEDiUM,41
RAND,RR,31,3193,3824,39413,35564,36220,43.4,631,784,SMALL,47
RAND,RR,32,3310,3971,47853,43846,44543,41.7,661,1015,MEDiUM,44
RAND,RR,33,3418,4097,122319,118185,118901,28.1,679,4016,LARGE,30
RAND,RR,34,3506,4202,96070,91835,92564,34.4,696,2552,MEDiUM,37
RAND,RR,35,3666,4391,63144,58712,59478,39.4,725,1440,MEDiUM,42
RAND,RR,36,3695,4433,129078,124614,125383,24.3,738,4890,LARGE,26
RAND,RR,37,3808,4580,32925,28320,29117,44.9,772,604,SMALL,49
RAND,RR,38,3814,4601,108308,103677,104494,32.1,787,3089,MEDiUM,34
RAND,RR,39,3885,4685,13767,9049,9882,48.0,800,192,SMALL,52
RAND,RR,40,4068,4895,110595,105661,106527,31.4,827,3218,MEDiUM,34
RAND,RR,41,4243,5084,127889,122764,123646,25.3,841,4640,LARGE,27
RAND,RR,42,4357,5231,101932,96678,97575,33.4,874,2762,MEDiUM,36
RAND,RR,43,4363,5252,70452,65159,66089,38.3,889,1640,MEDiUM,41
RAND,RR,44,4410,5315,78047,72698,73637,37.2,905,1873,MEDiUM,40
RAND,RR,45,4425,5357,118381,112985,113956,29.4,932,3678,MEDiUM,31
RAND,RR,46,4481,5441,129094,123617,124613,24.2,960,4875,LARGE,26
RAND,RR,47,4786,5756,128451,122659,123665,24.9,970,4715,LARGE,27
RAND,RR,48,4799,5798,17726,11905,12927,47.2,999,242,SMALL,54
RAND,RR,49,4994,6008,14100,8054,9106,48.0,1014,177,SMALL,52
SHORT,CFS,0,101,101,158,21,57,1.0,0,55,SMALL,2
SHORT,CFS,1,178,178,14018,13818,13840,14.2,0,184,SMALL,76
SHORT,CFS,2,335,346,21469,21111,21134,21.3,11,426,SMALL,50
SHORT,CFS,3,349,357,22094,21723,21745,20.0,8,500,SMALL,44
SHORT,CFS,4,373,373,18348,17968,17975,25.5,0,263,SMALL,69
SHORT,CFS,5,671,674,16974,16294,16303,25.8,3,233,SMALL,70
SHORT,CFS,6,790,795,1048,246,258,7.0,5,93,SMALL,3
SHORT,CFS,7,791,800,19559,18753,18768,23.7,9,309,SMALL,61
SHORT,CFS,8,1067,1069,21927,20851,20860,19.9,2,468,SMALL,45
SHORT,CFS,9,1129,1129,1162,28,33,8.0,0,25,TINY,2
SHORT,CFS,10,1169,1171,1210,32,41,8.0,2,30,TINY,2
SHORT,CFS,11,1421,1423,21639,20210,20218,20.5,2,440,SMALL,46
SHORT,CFS,12,1747,1747,17654,15902,15907,32.6,0,247,SMALL,65
SHORT,CFS,13,1790,1791,15458,13663,13668,33.3,1,206,SMALL,67
SHORT,CFS,14,1801,1803,21929,20122,20128,25.6,2,467,SMALL,44
SHORT,CFS,15,1879,1881,19353,17468,17474,30.4,2,298,SMALL,59
SHORT,CFS,16,1949,1951,20693,18737,18744,28.1,2,375,SMALL,50
SHORT,CFS,17,1993,1993,22079,20081,20086,25.5,0,493,SMALL,41
SHORT,CFS,18,2078,2080,14522,12438,12444,34.2,2,191,SMALL,66
SHORT,CFS,19,2170,2170,2222,48,52,16.0,0,35,TINY,2
SHORT,CFS,20,2361,2361,18324,15959,15963,32.2,0,262,SMALL,61
SHORT,CFS,21,2372,2373,14920,12543,12548,34.6,1,197,SMALL,64
SHORT,CFS,22,2404,2406,18697,16286,16293,31.8,2,273,SMALL,60
SHORT,CFS,23,2674,2676,22064,19383,19390,26.1,2,488,SMALL,40
SHORT,CFS,24,2756,2757,14796,12036,12040,33.8,1,195,SMALL,62
SHORT,CFS,25,2833,2833,16624,13788,13791,33.7,0,226,SMALL,62
SHORT,CFS,26,2857,2857,4308,1448,1451,23.9,0,51,SMALL,29
SHORT,CFS,27,2877,2877,18865,15984,15988,31.9,0,279,SMALL,58
SHORT,CFS,28,2900,2901,15116,12212,12216,34.5,1,200,SMALL,62
SHORT,CFS,29,3232,3233,3298,62,66,25.0,1,33,TINY,2
SHORT,CFS,30,3308,3309,18494,15182,15186,32.7,1,266,SMALL,58
SHORT,CFS,31,3355,3355,16292,12934,12937,34.7,0,220,SMALL,59
SHORT,CFS,32,3441,3441,19409,15965,15968,31.9,0,301,SMALL,54
SHORT,CFS,33,3566,3567,19126,15555,15560,32.7,1,290,SMALL,54
SHORT,CFS,34,3602,3603,16688,13082,13086,35.3,1,227,SMALL,58
SHORT,CFS,35,3667,3667,9631,5961,5964,36.6,0,119,SMALL,51
SHORT,CFS,36,3711,3711,13032,9318,9321,36.9,0,169,SMALL,56
SHORT,CFS,37,3767,3767,22087,18311,18320,27.6,0,499,SMALL,37
SHORT,CFS,38,3805,3805,9759,5951,5954,37.2,0,121,SMALL,50
SHORT,CFS,39,4197,4197,4276,76,79,34.0,0,40,TINY,2
SHORT,CFS,40,4327,4327,9639,5309,5312,37.3,0,119,SMALL,45
SHORT,CFS,41,4546,4546,8103,3554,3557,39.8,0,95,SMALL,38
SHORT,CFS,42,4585,4586,19457,14867,14872,34.0,1,304,SMALL,49
SHORT,CFS,43,4602,4602,17542,12937,12940,36.4,0,244,SMALL,54
SHORT,CFS,44,4646,4646,22003,17351,17357,28.9,0,478,SMALL,37
SHORT,CFS,45,4667,4668,20012,15340,15345,33.0,1,334,SMALL,46
SHORT,CFS,46,4700,4700,17162,12459,12462,37.1,0,236,SMALL,53
SHORT,CFS,47,4887,4888,22005,17114,17118,29.2,1,475,SMALL,37
SHORT,CFS,48,4889,4890,13398,8505,8509,39.8,1,174,SMALL,49
SHORT,CFS,49,4970,4970,6401,1428,1431,42.0,0,69,SMALL,21
SHORT,MLFQ,0,101,101,158,21,57,0.0,0,55,SMALL,2
SHORT,MLFQ,1,178,178,392,189,214,0.4,0,184,SMALL,2
SHORT,MLFQ,2,335,367,11370,10976,11035,17.4,32,426,SMALL,26
SHORT,MLFQ,3,349,393,11580,11146,11231,16.8,44,500,SMALL,23
SHORT,MLFQ,4,373,435,5871,5412,5498,13.5,62,263,SMALL,21
SHORT,MLFQ,5,671,687,6011,5290,5340,9.9,16,233,SMALL,23
SHORT,MLFQ,6,790,792,973,147,183,5.0,2,93,SMALL,2
SHORT,MLFQ,7,791,813,9578,8735,8787,16.4,22,309,SMALL,29
SHORT,MLFQ,8,1067,1100,12509,11380,11442,18.4,33,468,SMALL,25
SHORT,MLFQ,9,1129,1163,1210,21,81,6.5,34,25,TINY,4
SHORT,MLFQ,10,1169,1211,1263,21,94,6.0,42,30,TINY,4
SHORT,MLFQ,11,1421,1453,12551,11057,11130,19.0,32,440,SMALL,26
SHORT,MLFQ,12,1747,1768,9628,7832,7881,23.5,21,247,SMALL,32
SHORT,MLFQ,13,1790,1831,9635,7777,7845,23.8,41,206,SMALL,39
SHORT,MLFQ,14,1801,1852,12622,10742,10821,18.0,51,467,SMALL,24
SHORT,MLFQ,15,1879,1957,9843,7847,7964,24.4,78,298,SMALL,27
SHORT,MLFQ,16,1949,2041,11869,9792,9920,21.6,92,375,SMALL,27
SHORT,MLFQ,17,1993,2104,12720,10582,10727,17.5,111,493,SMALL,22
SHORT,MLFQ,18,2078,2188,6842,4622,4764,25.6,110,191,SMALL,25
SHORT,MLFQ,19,2170,2314,2434,84,264,15.5,144,35,TINY,8
SHORT,MLFQ,20,2361,2477,10119,7619,7758,25.3,116,262,SMALL,30
SHORT,MLFQ,21,2372,2498,7049,4513,4677,26.3,126,197,SMALL,24
SHORT,MLFQ,22,2404,2540,10196,7622,7792,24.8,136,273,SMALL,29
SHORT,MLFQ,23,2674,2750,12813,10034,10139,17.7,76,488,SMALL,21
SHORT,MLFQ,24,2756,2855,7359,4468,4603,27.9,99,195,SMALL,24
SHORT,MLFQ,25,2833,2939,10329,7363,7496,26.7,106,226,SMALL,34
SHORT,MLFQ,26,2857,3002,3265,231,408,22.3,145,51,SMALL,8
SHORT,MLFQ,27,2877,3023,10412,7349,7535,25.6,146,279,SMALL,28
SHORT,MLFQ,28,2900,3044,7674,4589,4774,27.9,144,200,SMALL,24
SHORT,MLFQ,29,3232,3329,3468,105,236,24.0,97,33,TINY,8
SHORT,MLFQ,30,3308,3413,10482,7042,7174,26.1,105,266,SMALL,27
SHORT,MLFQ,31,3355,3469,10503,6993,7148,28.3,114,220,SMALL,33
SHORT,MLFQ,32,3441,3553,12081,8506,8640,24.6,112,301,SMALL,29
SHORT,MLFQ,33,3566,3637,10703,7035,7137,25.9,71,290,SMALL,25
SHORT,MLFQ,34,3602,3700,10732,7004,7130,28.3,98,227,SMALL,32
SHORT,MLFQ,35,3667,3784,8219,4395,4552,30.7,117,119,SMALL,39
SHORT,MLFQ,36,3711,3847,8292,4415,4581,30.8,136,169,SMALL,28
SHORT,MLFQ,37,3767,3931,12917,8946,9150,17.4,164,499,SMALL,19
SHORT,MLFQ,38,3805,3973,8420,4425,4615,30.6,168,121,SMALL,39
SHORT,MLFQ,39,4197,4309,4434,84,237,31.5,112,40,TINY,6
SHORT,MLFQ,40,4327,4435,8440,3965,4113,30.8,108,119,SMALL,35
SHORT,MLFQ,41,4546,4582,4891,273,345,35.0,36,95,SMALL,4
SHORT,MLFQ,42,4585,4624,12191,7542,7606,25.5,39,304,SMALL,26
SHORT,MLFQ,43,4602,4645,10989,6319,6387,28.5,43,244,SMALL,27
SHORT,MLFQ,44,4646,4729,12999,8231,8353,18.5,83,478,SMALL,18
SHORT,MLFQ,45,4667,4771,12332,7526,7665,24.6,104,334,SMALL,23
SHORT,MLFQ,46,4700,4813,11237,6387,6537,30.0,113,236,SMALL,28
SHORT,MLFQ,47,4887,4997,13078,8045,8191,18.1,110,475,SMALL,18
SHORT,MLFQ,48,4889,5018,9148,4095,4259,34.0,129,174,SMALL,25
SHORT,MLFQ,49,4970,5123,5447,294,477,39.0,153,69,SMALL,7
SHORT,RR,0,101,101,158,21,57,1.0,0,55,SMALL,2
SHORT,RR,1,178,178,392,189,214,1.4,0,184,SMALL,2
SHORT,RR,2,335,367,4501,4107,4166,10.5,32,426,SMALL,10
SHORT,RR,3,349,393,7416,6982,7067,15.0,44,500,SMALL,15
SHORT,RR,4,373,435,1939,1480,1566,6.0,62,263,SMALL,6
SHORT,RR,5,671,750,2751,1967,2080,9.6,79,233,SMALL,9
SHORT,RR,6,790,876,1477,567,687,7.6,86,93,SMALL,8
SHORT,RR,7,791,897,5519,4592,4728,16.4,106,309,SMALL,16
SHORT,RR,8,1067,1212,11493,10252,10426,21.5,145,468,SMALL,23
SHORT,RR,9,1129,1296,1483,161,354,9.0,167,25,TINY,15
SHORT,RR,10,1169,1338,1515,146,346,8.5,169,30,TINY,12
SHORT,RR,11,1421,1579,11514,9894,10093,22.6,158,440,SMALL,23
SHORT,RR,12,1747,1894,8445,6523,6698,26.7,147,247,SMALL,28
SHORT,RR,13,1790,1961,7143,5155,5353,26.0,171,206,SMALL,26
SHORT,RR,14,1801,1982,12418,10408,10617,21.6,181,467,SMALL,23
SHORT,RR,15,1879,2087,9961,7835,8082,27.0,208,298,SMALL,28
SHORT,RR,16,1949,2171,11694,9487,9745,25.1,222,375,SMALL,26
SHORT,RR,17,1993,2234,12657,10389,10664,20.6,241,493,SMALL,22
SHORT,RR,18,2078,2339,7533,5162,5455,28.5,261,191,SMALL,29
SHORT,RR,19,2170,2444,2809,329,639,17.5,274,35,TINY,19
SHORT,RR,20,2361,2675,10517,7819,8156,28.7,314,262,SMALL,32
SHORT,RR,21,2372,2696,8416,5682,6044,30.7,324,197,SMALL,31
SHORT,RR,22,2404,2752,10573,7787,8169,28.6,348,273,SMALL,30
SHORT,RR,23,2674,3020,12855,9806,10181,19.5,346,488,SMALL,21
SHORT,RR,24,2756,3125,9113,5952,6357,31.7,369,195,SMALL,33
SHORT,RR,25,2833,3209,10220,6984,7387,30.2,376,226,SMALL,33
SHORT,RR,26,2857,3251,4326,1043,1469,27.3,394,51,SMALL,29
SHORT,RR,27,2877,3293,11120,7787,8243,28.4,416,279,SMALL,30
SHORT,RR,28,2900,3335,9365,5989,6465,31.8,435,200,SMALL,33
SHORT,RR,29,3232,3692,4293,567,1061,30.0,460,33,TINY,33
SHORT,RR,30,3308,3776,11484,7681,8176,28.0,468,266,SMALL,31
SHORT,RR,31,3355,3839,10388,6508,7033,30.9,484,220,SMALL,32
SHORT,RR,32,3441,3965,12006,8019,8565,25.2,524,301,SMALL,29
SHORT,RR,33,3566,4091,11899,7777,8333,26.2,525,290,SMALL,29
SHORT,RR,34,3602,4154,11016,6834,7414,29.4,552,227,SMALL,33
SHORT,RR,35,3667,4238,7931,3653,4264,35.3,571,119,SMALL,36
SHORT,RR,36,3711,4294,9795,5471,6084,32.4,583,169,SMALL,36
SHORT,RR,37,3767,4369,13043,8634,9276,17.2,602,499,SMALL,19
SHORT,RR,38,3805,4432,8782,4328,4977,34.1,627,121,SMALL,42
SHORT,RR,39,4197,4838,5603,724,1406,37.0,641,40,TINY,36
SHORT,RR,40,4327,4943,8696,3713,4369,35.0,616,119,SMALL,37
SHORT,RR,41,4546,5195,8251,3020,3705,35.8,649,95,SMALL,39
SHORT,RR,42,4585,5237,12326,7064,7741,22.3,652,304,SMALL,26
SHORT,RR,43,4602,5279,11825,6521,7223,25.5,677,244,SMALL,30
SHORT,RR,44,4646,5342,13062,7681,8416,16.0,696,478,SMALL,18
SHORT,RR,45,4667,5384,12517,7098,7850,21.1,717,334,SMALL,24
SHORT,RR,46,4700,5447,11657,6173,6957,26.4,747,236,SMALL,30
SHORT,RR,47,4887,5646,13078,7396,8191,15.3,759,475,SMALL,18
SHORT,RR,48,4889,5667,10693,4991,5804,29.3,778,174,SMALL,34
SHORT,RR,49,4970,5772,8067,2265,3097,35.8,802,69,SMALL,45
LONG,CFS,0,93,93,269778,269663,269685,36.6,0,4046,LARGE,67
LONG,CFS,1,173,177,267872,267682,267699,37.0,4,3933,MEDiUM,69
LONG,CFS,2,218,221,156243,156013,156025,47.8,3,1625,MEDiUM,97
LONG,CFS,3,409,413,220375,219955,219966,43.5,4,2521,MEDiUM,88
LONG,CFS,4,427,431,237257,236820,236830,41.6,4,2834,MEDiUM,84
LONG,CFS,5,448,451,220379,219922,219931,43.5,3,2521,MEDiUM,88
LONG,CFS,6,614,617,254063,253440,253449,39.2,3,3321,MEDiUM,77
LONG,CFS,7,673,673,274702,274023,274029,35.5,0,4463,LARGE,62
LONG,CFS,8,679,681,196359,195673,195680,45.2,2,2154,MEDiUM,91
LONG,CFS,9,683,685,238987,238298,238304,41.3,2,2870,MEDiUM,84
LONG,CFS,10,739,741,257875,257129,257136,38.7,2,3469,MEDiUM,75
LONG,CFS,11,747,747,141641,140890,140894,48.2,0,1453,MEDiUM,97
LONG,CFS,12,900,900,213811,212907,212911,43.9,0,2415,MEDiUM,89
LONG,CFS,13,1179,1179,275092,273909,273913,35.4,0,4516,LARGE,61
LONG,CFS,14,1228,1230,241265,240031,240037,41.0,2,2921,MEDiUM,83
LONG,CFS,15,1318,1320,201691,200367,200373,44.9,2,2230,MEDiUM,90
LONG,CFS,16,1440,1440,232299,230855,230859,42.1,0,2736,MEDiUM,85
LONG,CFS,17,1555,1555,132883,131324,131328,48.6,0,1354,MEDiUM,97
LONG,CFS,18,1697,1699,107055,105352,105358,48.7,2,1079,MEDiUM,98
LONG,CFS,19,1707,1708,223817,222106,222110,42.9,1,2580,MEDiUM,87
LONG,CFS,20,1813,1813,258699,256883,256886,38.6,0,3502,MEDiUM,74
LONG,CFS,21,1907,1907,275822,273910,273915,35.1,0,4729,LARGE,58
LONG,CFS,22,1920,1921,166123,164199,164203,47.0,1,1747,MEDiUM,94
LONG,CFS,23,1968,1969,265892,263919,263924,37.5,1,3831,MEDiUM,69
LONG,CFS,24,2107,2107,274975,272863,272868,35.4,0,4499,LARGE,61
LONG,CFS,25,2315,2315,275747,273424,273432,35.2,0,4698,LARGE,59
LONG,CFS,26,2349,2349,271116,268763,268767,36.4,0,4135,LARGE,65
LONG,CFS,27,2356,2357,234081,231721,231725,42.0,1,2770,MEDiUM,84
LONG,CFS,28,2416,2417,239609,237189,237193,41.3,1,2883,MEDiUM,83
LONG,CFS,29,2632,2633,174093,171457,171461,46.7,1,1849,MEDiUM,93
LONG,CFS,30,2791,2791,129593,126799,126802,48.7,0,1318,MEDiUM,97
LONG,CFS,31,2829,2829,273539,270707,270710,35.9,0,4337,LARGE,63
LONG,CFS,32,2924,2925,254791,251863,251867,39.3,1,3346,MEDiUM,76
LONG,CFS,33,2992,2993,273381,270385,270389,36.0,1,4322,LARGE,63
LONG,CFS,34,3277,3277,263177,259897,259900,38.1,0,3700,MEDiUM,71
LONG,CFS,35,3292,3293,204513,201217,201221,44.8,1,2271,MEDiUM,89
LONG,CFS,36,3338,3339,109299,105957,105961,49.2,1,1102,MEDiUM,97
LONG,CFS,37,3460,3461,208343,204879,204883,44.6,1,2329,MEDiUM,88
LONG,CFS,38,3985,3985,275202,271210,271217,35.6,0,4541,LARGE,60
LONG,CFS,39,4172,4173,225413,221237,221241,43.1,1,2608,MEDiUM,85
LONG,CFS,40,4341,4341,276097,271743,271756,35.2,0,4993,LARGE,55
LONG,CFS,41,4532,4532,159675,155140,155143,48.0,0,1666,MEDiUM,94
LONG,CFS,42,4552,4552,182229,177674,177677,46.6,0,1957,MEDiUM,91
LONG,CFS,43,4669,4670,103281,98608,98612,49.9,1,1040,MEDiUM,95
LONG,CFS,44,4700,4700,268192,263489,263492,37.4,0,3948,MEDiUM,67
LONG,CFS,45,4770,4770,148841,144068,144071,48.6,0,1536,MEDiUM,94
LONG,CFS,46,4789,4790,135543,130750,130754,49.2,1,1383,MEDiUM,95
LONG,CFS,47,4804,4804,178753,173946,173949,46.9,0,1910,MEDiUM,92
LONG,CFS,48,4927,4928,242851,237920,237924,41.2,1,2958,MEDiUM,81
LONG,CFS,49,4955,4956,245973,241014,241018,40.6,1,3036,MEDiUM,80
LONG,MLFQ,0,93,93,144721,144601,144628,32.5,0,4046,LARGE,36
LONG,MLFQ,1,173,198,144441,144209,144268,33.3,25,3933,MEDiUM,37
LONG,MLFQ,2,218,240,81670,81404,81452,44.7,22,1625,MEDiUM,51
LONG,MLFQ,3,409,450,115852,115380,115443,41.5,41,2521,MEDiUM,46
LONG,MLFQ,4,427,471,124516,124010,124089,39.9,44,2834,MEDiUM,44
LONG,MLFQ,5,448,513,115980,115445,115532,41.5,65,2521,MEDiUM,46
LONG,MLFQ,6,614,702,134252,133528,133638,37.0,88,3321,MEDiUM,41
LONG,MLFQ,7,673,765,149958,149169,149285,30.5,92,4463,LARGE,34
LONG,MLFQ,8,679,786,102445,101624,101766,43.4,107,2154,MEDiUM,48
LONG,MLFQ,9,683,828,124800,123941,124117,39.8,145,2870,MEDiUM,44
LONG,MLFQ,10,739,891,136957,136036,136218,36.1,152,3469,MEDiUM,40
LONG,MLFQ,11,747,933,73730,72763,72983,45.8,186,1453,MEDiUM,51
LONG,MLFQ,12,900,1080,113309,112193,112409,42.3,180,2415,MEDiUM,47
LONG,MLFQ,13,1179,1332,150289,148920,149110,30.3,153,4516,LARGE,34
LONG,MLFQ,14,1228,1416,127431,125993,126203,39.5,188,2921,MEDiUM,44
LONG,MLFQ,15,1318,1521,106677,105125,105359,43.3,203,2230,MEDiUM,48
LONG,MLFQ,16,1440,1647,122516,120832,121076,40.8,207,2736,MEDiUM,45
LONG,MLFQ,17,1555,1710,69577,67832,68022,46.6,155,1354,MEDiUM,51
LONG,MLFQ,18,1697,1836,54670,52794,52973,46.7,139,1079,MEDiUM,50
LONG,MLFQ,19,1707,1857,116799,114901,115092,41.7,150,2580,MEDiUM,45
LONG,MLFQ,20,1813,1962,138304,136319,136491,35.9,149,3502,MEDiUM,39
LONG,MLFQ,21,1907,2088,150992,148874,149085,29.0,181,4729,LARGE,32
LONG,MLFQ,22,1920,2109,87775,85638,85855,45.6,189,1747,MEDiUM,50
LONG,MLFQ,23,1968,2193,143902,141677,141934,34.1,225,3831,MEDiUM,38
LONG,MLFQ,24,2107,2298,150146,147808,148039,30.3,191,4499,LARGE,33
LONG,MLFQ,25,2315,2508,150856,148309,148541,29.2,193,4698,LARGE,32
LONG,MLFQ,26,2349,2550,147329,144743,144980,32.4,201,4135,LARGE,36
LONG,MLFQ,27,2356,2571,123220,120618,120864,40.8,215,2770,MEDiUM,44
LONG,MLFQ,28,2416,2655,125833,123154,123417,40.0,239,2883,MEDiUM,43
LONG,MLFQ,29,2632,2865,92552,89657,89920,45.5,233,1849,MEDiUM,49
LONG,MLFQ,30,2791,3012,70751,67700,67960,47.4,221,1318,MEDiUM,52
LONG,MLFQ,31,2829,3054,149300,146208,146471,31.3,225,4337,LARGE,34
LONG,MLFQ,32,2924,3138,136422,133257,133498,37.1,214,3346,MEDiUM,40
LONG,MLFQ,33,2992,3222,149303,146058,146311,31.3,230,4322,LARGE,34
LONG,MLFQ,34,3277,3474,142000,138485,138723,35.0,197,3700,MEDiUM,38
LONG,MLFQ,35,3292,3516,108222,104674,104930,43.6,224,2271,MEDiUM,47
LONG,MLFQ,36,3338,3579,61540,57938,58202,47.8,241,1102,MEDiUM,53
LONG,MLFQ,37,3460,3663,111718,108025,108258,43.3,203,2329,MEDiUM,47
LONG,MLFQ,38,3985,4083,150669,146564,146684,29.9,98,4541,LARGE,33
LONG,MLFQ,39,4172,4230,121113,116854,116941,41.8,58,2608,MEDiUM,45
LONG,MLFQ,40,4341,4377,151300,146889,146959,27.3,36,4993,LARGE,30
LONG,MLFQ,41,4532,4566,85415,80822,80883,46.7,34,1666,MEDiUM,49
LONG,MLFQ,42,4552,4608,97652,93006,93100,45.4,56,1957,MEDiUM,48
LONG,MLFQ,43,4669,4713,57337,52583,52668,48.8,44,1040,MEDiUM,51
LONG,MLFQ,44,4700,4776,145633,140828,140933,33.5,76,3948,MEDiUM,36
LONG,MLFQ,45,4770,4860,81328,76431,76558,47.5,90,1536,MEDiUM,50
LONG,MLFQ,46,4789,4902,72309,67383,67520,48.0,113,1383,MEDiUM,49
LONG,MLFQ,47,4804,4944,97768,92793,92964,45.6,140,1910,MEDiUM,49
LONG,MLFQ,48,4927,5070,128962,123853,124035,39.7,143,2958,MEDiUM,42
LONG,MLFQ,49,4955,5112,130260,125111,125305,39.2,157,3036,MEDiUM,42
LONG,RR,0,93,93,142294,142174,142201,33.5,0,4046,LARGE,36
LONG,RR,1,173,198,141867,141635,141694,34.4,25,3933,MEDiUM,37
LONG,RR,2,218,261,74215,73928,73997,43.5,43,1625,MEDiUM,46
LONG,RR,3,409,492,112807,112293,112398,42.4,83,2521,MEDiUM,45
LONG,RR,4,427,513,121821,121273,121394,40.9,86,2834,MEDiUM,43
LONG,RR,5,448,555,112977,112400,112529,42.5,107,2521,MEDiUM,45
LONG,RR,6,614,744,134000,133234,133386,38.2,130,3321,MEDiUM,41
LONG,RR,7,673,828,149349,148497,148676,31.7,155,4463,LARGE,34
LONG,RR,8,679,849,100849,99965,100170,44.5,170,2154,MEDiUM,47
LONG,RR,9,683,891,124075,123153,123392,41.0,208,2870,MEDiUM,43
LONG,RR,10,739,954,136908,135924,136169,37.4,215,3469,MEDiUM,40
LONG,RR,11,747,996,71815,70785,71068,46.8,249,1453,MEDiUM,49
LONG,RR,12,900,1164,111052,109852,110152,43.6,264,2415,MEDiUM,46
LONG,RR,13,1179,1458,149912,148417,148733,31.4,279,4516,LARGE,33
LONG,RR,14,1228,1542,126692,125128,125464,40.8,314,2921,MEDiUM,43
LONG,RR,15,1318,1647,105837,104159,104519,44.7,329,2230,MEDiUM,47
LONG,RR,16,1440,1794,122027,120196,120587,42.1,354,2736,MEDiUM,45
LONG,RR,17,1555,1920,69787,67832,68232,48.2,365,1354,MEDiUM,51
LONG,RR,18,1697,2088,56077,53949,54380,48.5,391,1079,MEDiUM,51
LONG,RR,19,1707,2109,117807,115657,116100,43.0,402,2580,MEDiUM,45
LONG,RR,20,1813,2235,138829,136571,137016,37.1,422,3502,MEDiUM,40
LONG,RR,21,1907,2361,150950,148559,149043,30.0,454,4729,LARGE,32
LONG,RR,22,1920,2382,88482,86072,86562,47.1,462,1747,MEDiUM,50
LONG,RR,23,1968,2466,143713,141215,141745,35.2,498,3831,MEDiUM,37
LONG,RR,24,2107,2613,150100,147447,147993,31.3,506,4499,LARGE,33
LONG,RR,25,2315,2844,150877,147994,148562,30.1,529,4698,LARGE,32
LONG,RR,26,2349,2907,147245,144302,144896,33.3,558,4135,LARGE,36
LONG,RR,27,2356,2928,124338,121379,121982,41.8,572,2770,MEDiUM,45
LONG,RR,28,2416,3012,127242,124206,124826,41.0,596,2883,MEDiUM,44
LONG,RR,29,2632,3243,93665,90392,91033,46.8,611,1849,MEDiUM,50
LONG,RR,30,2791,3432,70478,67007,67687,49.1,641,1318,MEDiUM,52
LONG,RR,31,2829,3495,149279,145746,146450,32.1,666,4337,LARGE,34
LONG,RR,32,2924,3600,136957,133330,134033,38.0,676,3346,MEDiUM,41
LONG,RR,33,2992,3705,149345,145617,146353,32.1,713,4322,LARGE,34
LONG,RR,34,3277,3999,142546,138506,139269,35.8,722,3700,MEDiUM,38
LONG,RR,35,3292,4041,110280,106207,106988,44.7,749,2271,MEDiUM,48
LONG,RR,36,3338,4104,61435,57308,58097,49.6,766,1102,MEDiUM,53
LONG,RR,37,3460,4251,112511,108230,109051,44.4,791,2329,MEDiUM,47
LONG,RR,38,3985,4797,150606,145787,146621,30.6,812,4541,LARGE,33
LONG,RR,39,4172,5007,121491,116455,117319,42.6,835,2608,MEDiUM,45
LONG,RR,40,4341,5196,151300,146070,146959,27.9,855,4993,LARGE,30
LONG,RR,41,4532,5406,88531,83098,83999,47.6,874,1666,MEDiUM,51
LONG,RR,42,4552,5448,99847,94361,95295,46.3,896,1957,MEDiUM,49
LONG,RR,43,4669,5574,59101,53486,54432,49.9,905,1040,MEDiUM,53
LONG,RR,44,4700,5637,146053,140387,141353,33.9,937,3948,MEDiUM,36
LONG,RR,45,4770,5721,82762,77004,77992,48.2,951,1536,MEDiUM,51
LONG,RR,46,4789,5763,76613,70826,71824,48.8,974,1383,MEDiUM,52
LONG,RR,47,4804,5805,98506,92670,93702,46.4,1001,1910,MEDiUM,50
LONG,RR,48,4927,5952,130075,124084,125148,40.2,1025,2958,MEDiUM,43
LONG,RR,49,4955,5994,131772,125741,126817,39.6,1039,3036,MEDiUM,42
STOL,CFS,0,84,84,20913,20807,20829,28.6,0,247,SMALL,85
STOL,CFS,1,103,105,17351,17234,17248,11.7,2,200,SMALL,87
STOL,CFS,2,206,214,264,40,58,3.0,8,44,TINY,2
STOL,CFS,3,348,353,37207,36845,36859,31.8,5,492,SMALL,75
STOL,CFS,4,759,759,6307,5541,5548,16.6,0,68,SMALL,82
STOL,CFS,5,776,777,14633,13850,13857,40.0,1,165,SMALL,84
STOL,CFS,6,841,843,14087,13238,13246,40.2,2,158,SMALL,84
STOL,CFS,7,896,898,12999,12096,12103,38.7,2,145,SMALL,84
STOL,CFS,8,907,910,31061,30146,30154,37.9,3,389,SMALL,78
STOL,CFS,9,1003,1004,33137,32128,32134,37.3,1,422,SMALL,77
STOL,CFS,10,1148,1149,2105,951,957,11.3,1,60,SMALL,16
STOL,CFS,11,1235,1236,9223,7983,7988,31.6,1,101,SMALL,80
STOL,CFS,12,1299,1299,35359,34056,34060,36.3,0,459,SMALL,75
STOL,CFS,13,1356,1356,30999,29639,29643,37.5,0,388,SMALL,77
STOL,CFS,14,1465,1467,31899,30428,30434,37.4,2,402,SMALL,76
STOL,CFS,15,1536,1536,19445,17905,17909,39.5,0,227,SMALL,79
STOL,CFS,16,1566,1566,28703,27133,27137,38.2,0,355,SMALL,77
STOL,CFS,17,1574,1575,13607,12028,12033,39.2,1,152,SMALL,80
STOL,CFS,18,1594,1596,36231,34631,34637,36.4,2,474,SMALL,74
STOL,CFS,19,1652,1653,36289,34632,34637,36.4,1,475,SMALL,73
STOL,CFS,20,2181,2181,30529,28344,28348,38.0,0,381,SMALL,75
STOL,CFS,21,2262,2262,13943,11678,11681,36.2,0,156,SMALL,75
STOL,CFS,22,2337,2338,18389,16048,16052,37.7,1,213,SMALL,76
STOL,CFS,23,2360,2360,17055,14692,14695,37.6,0,196,SMALL,75
STOL,CFS,24,2605,2605,37573,34965,34968,35.5,0,499,SMALL,71
STOL,CFS,25,2670,2671,158527,155846,155857,21.6,1,4909,LARGE,32
STOL,CFS,26,2909,2909,157360,154445,154451,22.1,0,4535,LARGE,35
STOL,CFS,27,2939,2939,149959,147017,147020,23.4,0,3813,MEDiUM,39
STOL,CFS,28,3064,3065,77341,74273,74277,29.7,1,1296,MEDiUM,58
STOL,CFS,29,3065,3067,102837,99767,99772,27.1,2,1889,MEDiUM,53
STOL,CFS,30,3106,3107,81255,78145,78149,29.3,1,1381,MEDiUM,57
STOL,CFS,31,3252,3253,138594,135337,135342,24.5,1,3256,MEDiUM,42
STOL,CFS,32,3282,3283,145668,142381,142386,24.0,1,3574,MEDiUM,40
STOL,CFS,33,3296,3297,103403,100103,100107,27.1,1,1903,MEDiUM,53
STOL,CFS,34,3346,3347,156406,153055,153060,22.4,1,4408,LARGE,35
STOL,CFS,35,3427,3427,157985,154549,154558,22.1,0,4666,LARGE,34
STOL,CFS,36,3566,3567,86635,83065,83069,28.8,1,1503,MEDiUM,56
STOL,CFS,37,3643,3643,157417,153771,153774,22.2,0,4542,LARGE,34
STOL,CFS,38,3717,3717,120961,117240,117244,26.0,0,2531,MEDiUM,47
STOL,CFS,39,3795,3795,124686,120888,120891,25.7,0,2676,MEDiUM,46
STOL,CFS,40,3831,3831,75155,71321,71324,30.1,0,1250,MEDiUM,58
STOL,CFS,41,3919,3919,152651,148727,148732,23.2,0,4010,LARGE,38
STOL,CFS,42,3928,3929,114919,110986,110991,26.5,1,2307,MEDiUM,49
STOL,CFS,43,4000,4001,158608,154599,154608,22.0,1,4983,LARGE,32
STOL,CFS,44,4073,4073,144465,140388,140392,24.2,0,3517,MEDiUM,40
STOL,CFS,45,4145,4145,148193,144044,144048,23.8,0,3707,MEDiUM,39
STOL,CFS,46,4172,4173,157951,153773,153779,22.2,1,4653,LARGE,34
STOL,CFS,47,4609,4609,147368,142756,142759,24.0,0,3660,MEDiUM,40
STOL,CFS,48,4709,4709,151660,146947,146951,23.4,0,3927,MEDiUM,38
STOL,CFS,49,4966,4967,152951,147979,147985,23.2,1,4038,LARGE,37
STOL,MLFQ,0,84,84,705,593,621,1.3,0,247,SMALL,3
STOL,MLFQ,1,103,126,655,488,552,1.8,23,200,SMALL,3
STOL,MLFQ,2,206,252,340,63,134,2.0,46,44,TINY,4
STOL,MLFQ,3,348,383,13870,13454,13522,23.7,35,492,SMALL,28
STOL,MLFQ,4,759,790,1029,210,270,4.0,31,68,SMALL,4
STOL,MLFQ,5,776,832,5739,4881,4963,21.8,56,165,SMALL,31
STOL,MLFQ,6,841,895,5800,4866,4959,19.4,54,158,SMALL,32
STOL,MLFQ,7,896,979,5848,4843,4952,19.8,83,145,SMALL,35
STOL,MLFQ,8,907,1000,13964,12934,13057,29.6,93,389,SMALL,34
STOL,MLFQ,9,1003,1114,17480,16343,16477,29.7,111,422,SMALL,40
STOL,MLFQ,10,1148,1240,1533,252,385,8.7,92,60,SMALL,7
STOL,MLFQ,11,1235,1345,6060,4693,4825,16.7,110,101,SMALL,48
STOL,MLFQ,12,1299,1408,17542,16094,16243,30.3,109,459,SMALL,36
STOL,MLFQ,13,1356,1492,14267,12746,12911,30.8,136,388,SMALL,34
STOL,MLFQ,14,1465,1576,17545,15946,16080,30.6,111,402,SMALL,40
STOL,MLFQ,15,1536,1660,10609,8921,9073,28.9,124,227,SMALL,40
STOL,MLFQ,16,1566,1681,14430,12713,12864,30.6,115,355,SMALL,37
STOL,MLFQ,17,1574,1702,6640,4905,5066,24.4,128,152,SMALL,34
STOL,MLFQ,18,1594,1744,17623,15844,16029,29.8,150,474,SMALL,34
STOL,MLFQ,19,1652,1828,17702,15838,16050,29.6,176,475,SMALL,34
STOL,MLFQ,20,2181,2311,14726,12393,12545,31.1,130,381,SMALL,33
STOL,MLFQ,21,2262,2395,7014,4582,4752,26.5,133,156,SMALL,31
STOL,MLFQ,22,2337,2479,11043,8530,8706,29.2,142,213,SMALL,41
STOL,MLFQ,23,2360,2500,7220,4683,4860,28.5,140,196,SMALL,25
STOL,MLFQ,24,2605,2689,17806,15077,15201,29.7,84,499,SMALL,31
STOL,MLFQ,25,2670,2794,94311,91487,91641,16.7,124,4909,LARGE,19
STOL,MLFQ,26,2909,2962,93185,90187,90276,18.0,53,4535,LARGE,20
STOL,MLFQ,27,2939,3004,87599,84561,84660,20.0,65,3813,MEDiUM,23
STOL,MLFQ,28,3064,3151,39222,36034,36158,26.7,87,1296,MEDiUM,28
STOL,MLFQ,29,3065,3172,53109,49907,50044,24.7,107,1889,MEDiUM,27
STOL,MLFQ,30,3106,3214,41881,38645,38775,26.4,108,1381,MEDiUM,29
STOL,MLFQ,31,3252,3361,79018,75620,75766,21.4,109,3256,MEDiUM,24
STOL,MLFQ,32,3282,3424,83821,80362,80539,20.7,142,3574,MEDiUM,23
STOL,MLFQ,33,3296,3445,55423,51954,52127,24.9,149,1903,MEDiUM,28
STOL,MLFQ,34,3346,3508,92623,89086,89277,18.4,162,4408,LARGE,21
STOL,MLFQ,35,3427,3613,93720,90080,90293,17.6,186,4666,LARGE,20
STOL,MLFQ,36,3566,3739,47030,43267,43464,26.5,173,1503,MEDiUM,29
STOL,MLFQ,37,3643,3844,93335,89468,89692,18.0,201,4542,LARGE,20
STOL,MLFQ,38,3717,3928,67539,63579,63822,23.3,211,2531,MEDiUM,26
STOL,MLFQ,39,3795,3991,69404,65376,65609,22.9,196,2676,MEDiUM,25
STOL,MLFQ,40,3831,4054,40430,36345,36599,27.7,223,1250,MEDiUM,30
STOL,MLFQ,41,3919,4138,89949,85780,86030,19.6,219,4010,LARGE,22
STOL,MLFQ,42,3928,4159,64041,59854,60113,23.9,231,2307,MEDiUM,27
STOL,MLFQ,43,4000,4264,94399,90111,90399,16.5,264,4983,LARGE,19
STOL,MLFQ,44,4073,4348,84364,79978,80291,20.9,275,3517,MEDiUM,23
STOL,MLFQ,45,4145,4432,87060,82600,82915,20.4,287,3707,MEDiUM,23
STOL,MLFQ,46,4172,4474,93881,89373,89709,17.6,302,4653,LARGE,20
STOL,MLFQ,47,4609,4852,86002,81109,81393,20.6,243,3660,MEDiUM,23
STOL,MLFQ,48,4709,4978,89308,84302,84599,19.8,269,3927,MEDiUM,22
STOL,MLFQ,49,4966,5209,90199,84951,85233,19.5,243,4038,LARGE,22
STOL,RR,0,84,84,726,614,642,2.5,0,247,SMALL,3
STOL,RR,1,103,126,655,488,552,2.8,23,200,SMALL,3
STOL,RR,2,206,252,382,105,176,3.3,46,44,TINY,4
STOL,RR,3,348,404,5687,5250,5339,11.8,56,492,SMALL,11
STOL,RR,4,759,790,1071,252,312,5.0,31,68,SMALL,5
STOL,RR,5,776,832,2190,1332,1414,9.0,56,165,SMALL,9
STOL,RR,6,841,916,2377,1422,1536,10.9,75,158,SMALL,10
STOL,RR,7,896,1000,2551,1525,1655,11.5,104,145,SMALL,12
STOL,RR,8,907,1021,11045,9994,10138,25.9,114,389,SMALL,27
STOL,RR,9,1003,1135,12744,11586,11741,26.9,132,422,SMALL,28
STOL,RR,10,1148,1282,1680,357,532,11.3,134,60,SMALL,9
STOL,RR,11,1235,1387,2868,1459,1633,15.0,152,101,SMALL,17
STOL,RR,12,1299,1471,14981,13470,13682,29.6,172,459,SMALL,30
STOL,RR,13,1356,1555,13299,11715,11943,29.9,199,388,SMALL,31
STOL,RR,14,1465,1681,14289,12585,12824,30.4,216,402,SMALL,32
STOL,RR,15,1536,1786,8127,6313,6591,28.6,250,227,SMALL,30
STOL,RR,16,1566,1828,12678,10814,11112,30.8,262,355,SMALL,32
STOL,RR,17,1574,1849,5023,3141,3449,24.2,275,152,SMALL,23
STOL,RR,18,1594,1891,16468,14542,14874,30.4,297,474,SMALL,32
STOL,RR,19,1652,1975,16568,14557,14916,30.4,323,475,SMALL,32
STOL,RR,20,2181,2483,15277,12772,13096,32.2,302,381,SMALL,35
STOL,RR,21,2262,2573,6775,4165,4513,30.0,311,156,SMALL,29
STOL,RR,22,2337,2657,9481,6790,7144,33.0,320,213,SMALL,34
STOL,RR,23,2360,2699,8837,6101,6477,33.1,339,196,SMALL,34
STOL,RR,24,2605,2932,18835,15863,16230,31.6,327,499,SMALL,33
STOL,RR,25,2670,3016,94248,91202,91578,17.7,346,4909,LARGE,19
STOL,RR,26,2909,3268,93080,89776,90171,18.9,359,4535,LARGE,20
STOL,RR,27,2939,3331,87116,83751,84177,21.0,392,3813,MEDiUM,23
STOL,RR,28,3064,3478,40556,37041,37492,27.6,414,1296,MEDiUM,29
STOL,RR,29,3065,3499,54159,50630,51094,25.7,434,1889,MEDiUM,28
STOL,RR,30,3106,3562,43015,39431,39909,27.3,456,1381,MEDiUM,29
STOL,RR,31,3252,3730,79186,75419,75934,22.2,478,3256,MEDiUM,24
STOL,RR,32,3282,3772,84238,80431,80956,21.5,490,3574,MEDiUM,23
STOL,RR,33,3296,3814,54793,50955,51497,25.6,518,1903,MEDiUM,28
STOL,RR,34,3346,3877,92455,88549,89109,19.2,531,4408,LARGE,21
STOL,RR,35,3427,3982,93825,89816,90398,18.4,555,4666,LARGE,20
STOL,RR,36,3566,4150,46274,42100,42708,26.8,584,1503,MEDiUM,29
STOL,RR,37,3643,4234,93377,89120,89734,18.7,591,4542,LARGE,20
STOL,RR,38,3717,4339,67245,62874,63528,23.8,622,2531,MEDiUM,26
STOL,RR,39,3795,4444,69824,65343,66029,23.4,649,2676,MEDiUM,25
STOL,RR,40,3831,4486,40350,35833,36519,27.6,655,1250,MEDiUM,30
STOL,RR,41,3919,4591,89613,84991,85694,20.3,672,4010,LARGE,22
STOL,RR,42,3928,4633,63264,58603,59336,24.3,705,2307,MEDiUM,26
STOL,RR,43,4000,4717,94399,89658,90399,17.2,717,4983,LARGE,19
STOL,RR,44,4073,4822,83824,78964,79751,21.5,749,3517,MEDiUM,23
STOL,RR,45,4145,4906,86556,81622,82411,21.0,761,3707,MEDiUM,23
STOL,RR,46,4172,4969,93860,88857,89688,18.2,797,4653,LARGE,20
STOL,RR,47,4609,5402,85960,80517,81351,21.1,793,3660,MEDiUM,23
STOL,RR,48,4709,5528,89098,83542,84389,20.3,819,3927,MEDiUM,22
STOL,RR,49,4966,5793,90031,84199,85065,20.0,827,4038,LARGE,22
LTOS,CFS,0,174,174,126949,126751,126775,21.4,0,3615,MEDiUM,36
LTOS,CFS,1,309,321,120029,119696,119720,23.8,12,2783,MEDiUM,44
LTOS,CFS,2,405,409,129029,128604,128624,21.3,4,4525,LARGE,29
LTOS,CFS,3,522,524,117781,117249,117259,24.0,2,2664,MEDiUM,45
LTOS,CFS,4,541,542,109973,109424,109432,24.8,1,2330,MEDiUM,47
LTOS,CFS,5,553,557,86876,86313,86323,26.9,4,1537,MEDiUM,57
LTOS,CFS,6,743,743,118914,118166,118171,23.9,0,2721,MEDiUM,44
LTOS,CFS,7,935,938,122994,122050,122059,23.1,3,2993,MEDiUM,41
LTOS,CFS,8,1086,1086,67564,66473,66478,29.0,0,1108,MEDiUM,60
LTOS,CFS,9,1179,1182,129175,127982,127996,21.3,3,4655,LARGE,28
LTOS,CFS,10,1251,1251,83818,82563,82567,27.3,0,1464,MEDiUM,57
LTOS,CFS,11,1365,1365,116614,115245,115249,24.3,0,2607,MEDiUM,45
LTOS,CFS,12,1421,1422,123610,122182,122189,23.2,1,3051,MEDiUM,41
LTOS,CFS,13,1449,1449,71458,70005,70009,28.6,0,1189,MEDiUM,59
LTOS,CFS,14,1764,1765,94010,92241,92246,26.6,1,1715,MEDiUM,54
LTOS,CFS,15,1789,1789,94620,92827,92831,26.6,0,1736,MEDiUM,54
LTOS,CFS,16,1817,1819,98456,96633,96639,26.2,2,1878,MEDiUM,52
LTOS,CFS,17,1844,1846,124891,123041,123047,23.1,2,3195,MEDiUM,39
LTOS,CFS,18,1919,1921,120176,118250,118257,24.1,2,2793,MEDiUM,43
LTOS,CFS,19,2124,2125,116039,113910,113915,24.6,1,2583,MEDiUM,45
LTOS,CFS,20,2319,2320,122188,119865,119869,23.7,1,2926,MEDiUM,41
LTOS,CFS,21,2422,2422,127178,124752,124756,22.4,0,3677,MEDiUM,34
LTOS,CFS,22,2505,2506,124545,122035,122040,23.3,1,3151,MEDiUM,39
LTOS,CFS,23,2608,2608,77504,74893,74896,28.5,0,1320,MEDiUM,57
LTOS,CFS,24,2647,2648,125125,122472,122478,23.2,1,3235,MEDiUM,38
LTOS,CFS,25,2684,2684,16468,13781,13784,39.3,0,183,SMALL,76
LTOS,CFS,26,2713,2714,26398,23681,23685,38.7,1,314,SMALL,76
LTOS,CFS,27,3132,3132,26532,23397,23400,38.9,0,316,SMALL,75
LTOS,CFS,28,3454,3454,10235,6778,6781,39.7,0,112,SMALL,61
LTOS,CFS,29,3556,3556,13318,9759,9762,43.4,0,146,SMALL,67
LTOS,CFS,30,3575,3576,12888,9309,9313,43.5,1,141,SMALL,67
LTOS,CFS,31,3657,3658,6787,3126,3130,40.5,1,72,SMALL,44
LTOS,CFS,32,3710,3710,20342,16629,16632,43.2,0,230,SMALL,73
LTOS,CFS,33,3786,3786,23120,19331,19334,42.6,0,267,SMALL,73
LTOS,CFS,34,3820,3820,11165,7342,7345,44.3,0,122,SMALL,61
LTOS,CFS,35,3844,3844,36142,32295,32298,37.4,0,479,SMALL,68
LTOS,CFS,36,4134,4134,16984,12847,12850,45.0,0,189,SMALL,68
LTOS,CFS,37,4144,4144,21206,17059,17062,44.1,0,241,SMALL,71
LTOS,CFS,38,4247,4248,22186,17935,17939,44.0,1,254,SMALL,71
LTOS,CFS,39,4271,4272,26792,22517,22521,42.2,1,320,SMALL,71
LTOS,CFS,40,4277,4278,21744,17463,17467,44.3,1,248,SMALL,71
LTOS,CFS,41,4302,4302,35258,30953,30956,38.4,0,462,SMALL,68
LTOS,CFS,42,4524,4524,32490,27963,27966,39.7,0,413,SMALL,68
LTOS,CFS,43,4557,4558,12623,8062,8066,47.1,1,138,SMALL,59
LTOS,CFS,44,4742,4742,6741,1996,1999,49.0,0,71,SMALL,29
LTOS,CFS,45,4757,4758,30270,25509,25513,41.2,1,376,SMALL,68
LTOS,CFS,46,4797,4798,20280,15479,15483,45.9,1,229,SMALL,68
LTOS,CFS,47,4805,4806,26002,21193,21197,43.4,1,308,SMALL,69
LTOS,CFS,48,4841,4842,34448,29603,29607,39.4,1,447,SMALL,67
LTOS,CFS,49,4975,4976,33944,28965,28969,39.7,1,438,SMALL,67
LTOS,MLFQ,0,174,174,73181,72971,73007,17.6,0,3615,MEDiUM,21
LTOS,MLFQ,1,309,342,67423,67057,67114,21.3,33,2783,MEDiUM,25
LTOS,MLFQ,2,405,447,75599,75126,75194,14.3,42,4525,LARGE,17
LTOS,MLFQ,3,522,552,66172,65595,65650,21.8,30,2664,MEDiUM,25
LTOS,MLFQ,4,541,594,61186,60561,60645,22.8,53,2330,MEDiUM,27
LTOS,MLFQ,5,553,636,46108,45434,45555,25.8,83,1537,MEDiUM,30
LTOS,MLFQ,6,743,825,67551,66704,66808,21.5,82,2721,MEDiUM,25
LTOS,MLFQ,7,935,972,69847,68841,68912,20.5,37,2993,MEDiUM,24
LTOS,MLFQ,8,1086,1119,36856,35708,35770,27.4,33,1108,MEDiUM,33
LTOS,MLFQ,9,1179,1203,75762,74523,74583,13.9,24,4655,LARGE,17
LTOS,MLFQ,10,1251,1287,44284,42972,43033,26.3,36,1464,MEDiUM,30
LTOS,MLFQ,11,1365,1392,66495,65075,65130,22.1,27,2607,MEDiUM,25
LTOS,MLFQ,12,1421,1476,70874,69366,69453,20.3,55,3051,MEDiUM,23
LTOS,MLFQ,13,1449,1518,37370,35822,35921,27.5,69,1189,MEDiUM,31
LTOS,MLFQ,14,1764,1791,50954,49127,49190,25.5,27,1715,MEDiUM,29
LTOS,MLFQ,15,1789,1833,50992,49122,49203,25.5,44,1736,MEDiUM,29
LTOS,MLFQ,16,1817,1896,52964,51029,51147,24.8,79,1878,MEDiUM,28
LTOS,MLFQ,17,1844,1938,71814,69840,69970,19.7,94,3195,MEDiUM,22
LTOS,MLFQ,18,1919,2043,68174,66097,66255,21.5,124,2793,MEDiUM,24
LTOS,MLFQ,19,2124,2232,65474,63218,63350,22.3,108,2583,MEDiUM,25
LTOS,MLFQ,20,2319,2400,70295,67868,67976,20.9,81,2926,MEDiUM,24
LTOS,MLFQ,21,2422,2505,73892,71349,71470,17.5,83,3677,MEDiUM,20
LTOS,MLFQ,22,2505,2568,71973,69373,69468,19.9,63,3151,MEDiUM,23
LTOS,MLFQ,23,2608,2673,43271,40557,40663,27.9,65,1320,MEDiUM,31
LTOS,MLFQ,24,2647,2736,72535,69763,69888,19.5,89,3235,MEDiUM,22
LTOS,MLFQ,25,2684,2799,8287,5464,5603,36.6,115,183,SMALL,31
LTOS,MLFQ,26,2713,2820,16832,13977,14119,37.2,107,314,SMALL,45
LTOS,MLFQ,27,3132,3198,16849,13614,13717,37.4,66,316,SMALL,44
LTOS,MLFQ,28,3454,3492,8720,5195,5266,32.2,38,112,SMALL,48
LTOS,MLFQ,29,3556,3597,8769,5145,5213,37.1,41,146,SMALL,36
LTOS,MLFQ,30,3575,3618,8813,5173,5238,36.9,43,141,SMALL,38
LTOS,MLFQ,31,3657,3723,4071,315,414,33.8,66,72,SMALL,6
LTOS,MLFQ,32,3710,3786,13308,9491,9598,39.1,76,230,SMALL,42
LTOS,MLFQ,33,3786,3870,13379,9481,9593,39.4,84,267,SMALL,36
LTOS,MLFQ,34,3820,3933,9047,5091,5227,38.6,113,122,SMALL,43
LTOS,MLFQ,35,3844,3975,20402,16387,16558,35.9,131,479,SMALL,35
LTOS,MLFQ,36,4134,4219,9246,4997,5112,41.4,85,189,SMALL,28
LTOS,MLFQ,37,4144,4261,13528,9245,9384,40.5,117,241,SMALL,39
LTOS,MLFQ,38,4247,4366,13585,9184,9338,41.1,119,254,SMALL,37
LTOS,MLFQ,39,4271,4408,17185,12736,12914,39.8,137,320,SMALL,41
LTOS,MLFQ,40,4277,4429,13741,9283,9464,41.2,152,248,SMALL,39
LTOS,MLFQ,41,4302,4471,20468,15974,16166,36.2,169,462,SMALL,35
LTOS,MLFQ,42,4524,4660,20482,15788,15958,37.8,136,413,SMALL,39
LTOS,MLFQ,43,4557,4723,9916,5154,5359,45.0,166,138,SMALL,39
LTOS,MLFQ,44,4742,4912,5553,609,811,47.8,170,71,SMALL,12
LTOS,MLFQ,45,4757,4954,17475,12484,12718,38.7,197,376,SMALL,34
LTOS,MLFQ,46,4797,5017,14087,9040,9290,42.3,220,229,SMALL,41
LTOS,MLFQ,47,4805,5038,17484,12417,12679,39.9,233,308,SMALL,42
LTOS,MLFQ,48,4841,5080,20532,15424,15691,36.1,239,447,SMALL,36
LTOS,MLFQ,49,4975,5206,20572,15327,15597,36.5,231,438,SMALL,36
LTOS,RR,0,174,174,72577,72367,72403,19.2,0,3615,MEDiUM,21
LTOS,RR,1,309,342,65920,65554,65611,22.5,33,2783,MEDiUM,24
LTOS,RR,2,405,447,75473,75000,75068,15.8,42,4525,LARGE,17
LTOS,RR,3,522,594,65433,64814,64911,23.3,72,2664,MEDiUM,25
LTOS,RR,4,541,636,59884,59217,59343,24.4,95,2330,MEDiUM,26
LTOS,RR,5,553,678,44507,43791,43954,27.5,125,1537,MEDiUM,29
LTOS,RR,6,743,888,66963,66053,66220,23.2,145,2721,MEDiUM,25
LTOS,RR,7,935,1098,70162,69030,69227,22.1,163,2993,MEDiUM,24
LTOS,RR,8,1086,1266,36142,34847,35056,30.3,180,1108,MEDiUM,32
LTOS,RR,9,1179,1371,75762,74355,74583,15.3,192,4655,LARGE,17
LTOS,RR,10,1251,1476,45268,43767,44017,28.6,225,1464,MEDiUM,31
LTOS,RR,11,1365,1602,66348,64718,64983,23.8,237,2607,MEDiUM,25
LTOS,RR,12,1421,1686,71168,69450,69747,21.8,265,3051,MEDiUM,23
LTOS,RR,13,1449,1728,39008,37250,37559,30.2,279,1189,MEDiUM,32
LTOS,RR,14,1764,2064,51143,49043,49379,27.6,300,1715,MEDiUM,29
LTOS,RR,15,1789,2106,51580,49437,49791,27.4,317,1736,MEDiUM,29
LTOS,RR,16,1817,2169,54287,52079,52470,26.7,352,1878,MEDiUM,28
LTOS,RR,17,1844,2211,72393,70146,70549,21.1,367,3195,MEDiUM,23
LTOS,RR,18,1919,2316,68993,66643,67074,22.9,397,2793,MEDiUM,25
LTOS,RR,19,2124,2526,66793,64243,64669,23.8,402,2583,MEDiUM,26
LTOS,RR,20,2319,2757,70631,67847,68312,22.2,438,2926,MEDiUM,24
LTOS,RR,21,2422,2883,74165,71244,71743,18.6,461,3677,MEDiUM,20
LTOS,RR,22,2505,2967,72377,69378,69872,21.1,462,3151,MEDiUM,23
LTOS,RR,23,2608,3093,43565,40431,40957,29.7,485,1320,MEDiUM,32
LTOS,RR,24,2647,3156,72782,69590,70135,20.6,509,3235,MEDiUM,22
LTOS,RR,25,2684,3219,11462,8219,8778,44.0,535,183,SMALL,48
LTOS,RR,26,2713,3261,16664,13368,13951,42.6,548,314,SMALL,45
LTOS,RR,27,3132,3702,17227,13488,14095,42.9,570,316,SMALL,45
LTOS,RR,28,3454,4059,8947,4855,5493,46.8,605,112,SMALL,50
LTOS,RR,29,3556,4185,11099,6887,7543,47.1,629,146,SMALL,52
LTOS,RR,30,3575,4206,11101,6873,7526,47.0,631,141,SMALL,54
LTOS,RR,31,3657,4311,7305,2961,3648,48.0,654,72,SMALL,51
LTOS,RR,32,3710,4395,14862,10436,11152,45.3,685,230,SMALL,49
LTOS,RR,33,3786,4479,16565,12058,12779,44.2,693,267,SMALL,48
LTOS,RR,34,3820,4542,10567,6002,6747,47.9,722,122,SMALL,56
LTOS,RR,35,3844,4584,23207,18583,19363,38.5,740,479,SMALL,41
LTOS,RR,36,4134,4899,13675,8746,9541,46.4,765,189,SMALL,51
LTOS,RR,37,4144,4941,16239,11276,12095,44.8,797,241,SMALL,51
LTOS,RR,38,4247,5046,16317,11236,12070,44.7,799,254,SMALL,48
LTOS,RR,39,4271,5109,18529,13379,14258,42.5,838,320,SMALL,45
LTOS,RR,40,4277,5130,16389,11230,12112,44.6,853,248,SMALL,49
LTOS,RR,41,4302,5172,23596,18401,19294,38.1,870,462,SMALL,42
LTOS,RR,42,4524,5424,21950,16492,17426,39.3,900,413,SMALL,43
LTOS,RR,43,4557,5466,11502,5997,6945,47.7,909,138,SMALL,51
LTOS,RR,44,4742,5676,8808,3100,4066,49.5,934,71,SMALL,58
LTOS,RR,45,4757,5718,20886,15131,16129,40.1,961,376,SMALL,43
LTOS,RR,46,4797,5781,16111,10300,11314,44.8,984,229,SMALL,50
LTOS,RR,47,4805,5802,18979,13148,14174,41.8,997,308,SMALL,47
LTOS,RR,48,4841,5865,23425,17532,18584,38.0,1024,447,SMALL,42
LTOS,RR,49,4975,6012,22935,16884,17960,38.4,1037,438,SMALL,42
