pids,,instantiation times,,start times,,finish times,,total wait times,,turnaround times,,average queue lengths,,response times,,required cpu times,,process sizes,,turnaround times,,throughput,,average response time,,average queue length,
0,,66,,67,,82,,0,,16,,0.0,,1,,15,,TINY,,2,,0.9482082203322889,,3953.952,,178,
1,,145,,146,,179,,22,,34,,0.0,,1,,32,,TINY,,2,,,,,,,
4,,423,,475,,598,,106,,175,,7.0,,52,,38,,TINY,,5,,,,,,,
8,,533,,662,,677,,0,,144,,13.0,,129,,15,,TINY,,10,,,,,,,
5,,424,,496,,851,,403,,427,,9.7,,72,,45,,TINY,,10,,,,,,,
6,,451,,538,,948,,451,,497,,10.7,,87,,52,,SMALL,,10,,,,,,,
13,,589,,804,,1063,,251,,474,,16.0,,215,,29,,TINY,,17,,,,,,,
7,,511,,620,,1129,,560,,618,,14.3,,109,,42,,TINY,,15,,,,,,,
3,,391,,433,,1154,,972,,763,,10.2,,42,,83,,SMALL,,10,,,,,,,
17,,829,,1085,,1478,,386,,649,,23.0,,256,,28,,TINY,,24,,,,,,,
9,,540,,699,,1674,,1151,,1134,,19.5,,159,,66,,SMALL,,18,,,,,,,
23,,1034,,1365,,1867,,500,,833,,30.0,,331,,23,,TINY,,37,,,,,,,
25,,1046,,1407,,1970,,546,,924,,33.0,,361,,38,,TINY,,25,,,,,,,
15,,633,,873,,2054,,1343,,1421,,23.8,,240,,80,,SMALL,,18,,,,,,,
28,,1168,,1563,,2142,,577,,974,,33.0,,395,,23,,TINY,,43,,,,,,,
44,,1797,,2458,,2475,,0,,678,,51.0,,661,,17,,TINY,,40,,,,,,,
46,,1851,,2560,,2577,,0,,726,,51.0,,709,,17,,TINY,,43,,,,,,,
49,,1917,,2683,,2697,,0,,780,,52.0,,766,,14,,TINY,,56,,,,,,,
20,,939,,1197,,3131,,2103,,2192,,39.2,,258,,73,,SMALL,,31,,,,,,,
42,,1687,,2311,,3251,,927,,1564,,56.5,,624,,34,,TINY,,46,,,,,,,
34,,1384,,1868,,3659,,1836,,2275,,56.0,,484,,48,,TINY,,48,,,,,,,
36,,1401,,1931,,3834,,1950,,2433,,58.0,,530,,46,,TINY,,53,,,,,,,
72,,2719,,3835,,3854,,0,,1135,,82.0,,1116,,19,,TINY,,60,,,,,,,
51,,1946,,2740,,3882,,1137,,1936,,69.0,,794,,26,,TINY,,75,,,,,,,
26,,1047,,1428,,3891,,2637,,2844,,50.8,,381,,68,,SMALL,,42,,,,,,,
14,,593,,825,,3906,,3408,,3313,,38.8,,232,,114,,SMALL,,30,,,,,,,
18,,837,,1106,,3965,,3097,,3128,,44.2,,269,,96,,SMALL,,33,,,,,,,
77,,2876,,4050,,4064,,0,,1188,,85.0,,1174,,14,,TINY,,85,,,,,,,
55,,2194,,3034,,4259,,1221,,2065,,73.5,,840,,25,,TINY,,83,,,,,,,
60,,2314,,3252,,4621,,1366,,2307,,83.0,,938,,24,,TINY,,97,,,,,,,
22,,981,,1281,,4767,,3721,,3786,,54.0,,300,,99,,SMALL,,39,,,,,,,
63,,2386,,3378,,4840,,1454,,2454,,87.5,,992,,29,,TINY,,85,,,,,,,
64,,2397,,3420,,4914,,1485,,2517,,88.5,,1023,,30,,TINY,,84,,,,,,,
2,,306,,307,,5130,,7267,,4824,,22.3,,1,,285,,LARGE,,17,,,,,,,
68,,2610,,3660,,5290,,1619,,2680,,95.5,,1050,,32,,TINY,,84,,,,,,,
70,,2696,,3765,,5397,,1632,,2701,,95.5,,1069,,21,,TINY,,129,,,,,,,
54,,2146,,2971,,5885,,2963,,3739,,89.0,,825,,44,,TINY,,85,,,,,,,
120,,4405,,6222,,6237,,0,,1832,,129.0,,1817,,15,,TINY,,123,,,,,,,
89,,3284,,4643,,6619,,1974,,3335,,119.0,,1359,,23,,TINY,,145,,,,,,,
62,,2332,,3315,,6693,,3421,,4361,,103.0,,983,,50,,TINY,,88,,,,,,,
91,,3374,,4768,,6805,,2032,,3431,,121.0,,1394,,26,,TINY,,132,,,,,,,
92,,3374,,4789,,6820,,2018,,3446,,120.5,,1415,,34,,TINY,,102,,,,,,,
101,,3523,,5104,,7222,,2117,,3699,,126.5,,1581,,22,,TINY,,169,,,,,,,
102,,3598,,5194,,7405,,2198,,3807,,130.5,,1596,,34,,TINY,,112,,,,,,,
103,,3609,,5236,,7437,,2192,,3828,,130.0,,1627,,30,,TINY,,128,,,,,,,
50,,1925,,2698,,7572,,5048,,5647,,98.2,,773,,68,,SMALL,,84,,,,,,,
71,,2700,,3807,,7574,,3819,,4874,,113.3,,1107,,41,,TINY,,119,,,,,,,
154,,5712,,8058,,8074,,0,,2362,,160.0,,2346,,16,,TINY,,148,,,,,,,
57,,2218,,3097,,8573,,5643,,6355,,111.2,,879,,75,,SMALL,,85,,,,,,,
30,,1206,,1647,,8835,,7520,,7629,,89.0,,441,,109,,SMALL,,70,,,,,,,
168,,6293,,8899,,8909,,0,,2616,,178.0,,2606,,10,,TINY,,262,,,,,,,
178,,6582,,9393,,9411,,0,,2829,,199.0,,2811,,18,,TINY,,158,,,,,,,
130,,4744,,6736,,9600,,2845,,4856,,172.5,,1992,,40,,TINY,,122,,,,,,,
182,,6820,,9664,,9681,,0,,2861,,206.0,,2844,,17,,TINY,,169,,,,,,,
139,,5110,,7223,,10253,,3027,,5143,,184.0,,2113,,24,,TINY,,215,,,,,,,
45,,1818,,2497,,10311,,8053,,8493,,121.0,,679,,95,,SMALL,,90,,,,,,,
12,,563,,783,,10464,,10383,,9901,,77.8,,220,,165,,SMALL,,61,,,,,,,
67,,2557,,3609,,10489,,7059,,7932,,141.0,,1052,,63,,SMALL,,126,,,,,,,
47,,1853,,2578,,10508,,8166,,8655,,122.6,,725,,98,,SMALL,,89,,,,,,,
144,,5421,,7575,,10640,,3061,,5219,,185.5,,2154,,25,,TINY,,209,,,,,,,
73,,2739,,3855,,10718,,7031,,7979,,140.8,,1116,,74,,SMALL,,108,,,,,,,
147,,5510,,7722,,10807,,3082,,5297,,188.0,,2212,,24,,TINY,,221,,,,,,,
202,,7835,,10976,,10988,,0,,3153,,231.0,,3141,,12,,TINY,,263,,,,,,,
16,,652,,915,,10994,,10781,,10342,,81.1,,263,,165,,SMALL,,63,,,,,,,
150,,5610,,7890,,11034,,3127,,5424,,193.0,,2280,,38,,TINY,,143,,,,,,,
151,,5630,,7932,,11109,,3167,,5479,,194.0,,2302,,31,,TINY,,177,,,,,,,
208,,8063,,11278,,11289,,0,,3226,,238.0,,3215,,11,,TINY,,294,,,,,,,
209,,8068,,11290,,11306,,0,,3238,,238.0,,3222,,16,,TINY,,203,,,,,,,
112,,4018,,5713,,11316,,5647,,7298,,172.3,,1695,,49,,TINY,,149,,,,,,,
155,,5744,,8117,,11371,,3243,,5627,,200.0,,2373,,32,,TINY,,176,,,,,,,
212,,8177,,11435,,11451,,0,,3274,,237.0,,3258,,16,,TINY,,205,,,,,,,
162,,6144,,8658,,12153,,3488,,6009,,214.0,,2514,,28,,TINY,,215,,,,,,,
163,,6187,,8721,,12258,,3518,,6071,,215.0,,2534,,40,,TINY,,152,,,,,,,
124,,4515,,6427,,12974,,6599,,8459,,196.0,,1912,,41,,TINY,,207,,,,,,,
250,,9321,,13311,,13323,,0,,4002,,268.0,,3990,,12,,TINY,,334,,,,,,,
251,,9496,,13492,,13507,,0,,4011,,271.0,,3996,,15,,TINY,,268,,,,,,,
129,,4711,,6694,,13621,,6972,,8910,,205.0,,1983,,48,,TINY,,186,,,,,,,
132,,4763,,6778,,13784,,7044,,9021,,206.3,,2015,,55,,SMALL,,165,,,,,,,
184,,6877,,9766,,13944,,4167,,7067,,241.0,,2889,,32,,TINY,,221,,,,,,,
43,,1760,,2416,,14450,,12374,,12690,,147.8,,656,,101,,SMALL,,126,,,,,,,
11,,544,,741,,14617,,14820,,14073,,97.8,,197,,199,,SMALL,,71,,,,,,,
191,,7224,,10254,,14668,,4407,,7444,,255.5,,3030,,28,,TINY,,266,,,,,,,
148,,5550,,7785,,15575,,7840,,10025,,230.3,,2235,,43,,TINY,,234,,,,,,,
297,,11121,,15828,,15844,,0,,4723,,313.0,,4707,,16,,TINY,,296,,,,,,,
206,,7991,,11173,,15981,,4799,,7990,,275.0,,3182,,30,,TINY,,267,,,,,,,
305,,11289,,16129,,16139,,0,,4850,,320.0,,4840,,10,,TINY,,485,,,,,,,
213,,8214,,11494,,16386,,4878,,8172,,281.0,,3280,,35,,TINY,,234,,,,,,,
79,,2942,,4149,,16452,,12555,,13510,,186.8,,1207,,82,,SMALL,,165,,,,,,,
216,,8344,,11683,,16683,,4981,,8339,,286.5,,3339,,40,,TINY,,209,,,,,,,
113,,4250,,5928,,16792,,11043,,12542,,217.8,,1678,,63,,SMALL,,200,,,,,,,
217,,8391,,11767,,16798,,5027,,8407,,290.0,,3376,,25,,TINY,,337,,,,,,,
81,,3091,,4323,,17099,,13024,,14008,,193.8,,1232,,86,,SMALL,,163,,,,,,,
116,,4353,,6096,,17157,,11228,,12804,,221.8,,1743,,75,,SMALL,,171,,,,,,,
119,,4393,,6201,,17459,,11433,,13066,,225.2,,1808,,67,,SMALL,,196,,,,,,,
246,,9194,,13101,,18483,,5368,,9289,,317.0,,3907,,35,,TINY,,266,,,,,,,
253,,9510,,13529,,19057,,5523,,9547,,328.0,,4019,,26,,TINY,,368,,,,,,,
21,,974,,1260,,19180,,18610,,18206,,141.2,,286,,177,,SMALL,,103,,,,,,,
181,,6743,,9601,,19241,,9675,,12498,,287.7,,2858,,58,,SMALL,,216,,,,,,,
134,,4842,,6884,,19558,,12855,,14716,,254.0,,2042,,61,,SMALL,,242,,,,,,,
32,,1290,,1759,,19635,,18528,,18345,,159.4,,469,,153,,SMALL,,120,,,,,,,
264,,9832,,14029,,19640,,5608,,9808,,333.5,,4197,,24,,TINY,,409,,,,,,,
269,,9973,,14260,,19976,,5697,,10003,,339.5,,4287,,40,,TINY,,251,,,,,,,
364,,14324,,20103,,20114,,0,,5790,,397.0,,5779,,11,,TINY,,527,,,,,,,
376,,14882,,20871,,20884,,0,,6002,,396.0,,5989,,13,,TINY,,462,,,,,,,
381,,15088,,21158,,21172,,0,,6084,,395.0,,6070,,14,,TINY,,435,,,,,,,
145,,5457,,7617,,21271,,13822,,15814,,266.2,,2160,,74,,SMALL,,214,,,,,,,
197,,7668,,10719,,21340,,10669,,13672,,305.3,,3051,,45,,TINY,,304,,,,,,,
107,,3879,,5503,,21433,,16176,,17554,,235.6,,1624,,88,,SMALL,,200,,,,,,,
396,,15758,,22106,,22126,,0,,6368,,391.0,,6348,,20,,TINY,,319,,,,,,,
153,,5664,,7995,,22409,,14587,,16745,,274.8,,2331,,69,,SMALL,,243,,,,,,,
52,,2081,,2866,,22460,,20142,,20379,,193.9,,785,,128,,SMALL,,160,,,,,,,
402,,16085,,22503,,22519,,0,,6434,,388.0,,6418,,16,,TINY,,403,,,,,,,
408,,16253,,22793,,22808,,0,,6555,,387.0,,6540,,15,,TINY,,437,,,,,,,
308,,11466,,16308,,22863,,6544,,11397,,354.0,,4842,,32,,TINY,,357,,,,,,,
412,,16429,,23032,,23045,,0,,6616,,385.0,,6603,,13,,TINY,,509,,,,,,,
312,,11599,,16516,,23157,,6636,,11558,,355.0,,4917,,26,,TINY,,445,,,,,,,
53,,2146,,2950,,23229,,20827,,21083,,198.0,,804,,128,,SMALL,,165,,,,,,,
316,,11706,,16705,,23387,,6673,,11681,,355.5,,4999,,30,,TINY,,390,,,,,,,
219,,8453,,11872,,23754,,11926,,15301,,321.7,,3419,,49,,TINY,,313,,,,,,,
221,,8488,,11935,,23848,,11957,,15360,,322.0,,3447,,49,,TINY,,314,,,,,,,
227,,8811,,12364,,24557,,12231,,15746,,326.0,,3553,,55,,SMALL,,287,,,,,,,
330,,12640,,17838,,25069,,7225,,12429,,366.0,,5198,,27,,TINY,,461,,,,,,,
449,,17851,,25070,,25085,,0,,7234,,377.0,,7219,,15,,TINY,,483,,,,,,,
451,,17903,,25170,,25190,,0,,7287,,376.0,,7267,,20,,TINY,,365,,,,,,,
452,,17931,,25212,,25229,,0,,7298,,375.0,,7281,,17,,TINY,,430,,,,,,,
333,,12726,,17985,,25310,,7309,,12584,,366.5,,5259,,37,,TINY,,341,,,,,,,
236,,9066,,12784,,25471,,12727,,16405,,332.3,,3718,,53,,SMALL,,310,,,,,,,
237,,9067,,12805,,25479,,12720,,16412,,332.0,,3738,,47,,TINY,,350,,,,,,,
458,,18099,,25480,,25491,,0,,7392,,371.0,,7381,,11,,TINY,,672,,,,,,,
85,,3189,,4491,,25512,,21342,,22323,,234.8,,1302,,120,,SMALL,,187,,,,,,,
239,,9078,,12868,,25579,,12761,,16501,,332.0,,3790,,43,,TINY,,384,,,,,,,
242,,9113,,12952,,25702,,12786,,16589,,332.3,,3839,,57,,SMALL,,292,,,,,,,
244,,9162,,13038,,25789,,12802,,16627,,332.0,,3876,,42,,TINY,,396,,,,,,,
174,,6463,,9183,,25861,,16852,,19398,,297.8,,2720,,68,,SMALL,,286,,,,,,,
356,,14039,,19641,,27597,,7944,,13558,,377.5,,5602,,33,,TINY,,411,,,,,,,
265,,9846,,14050,,27607,,13601,,17761,,343.7,,4204,,49,,TINY,,363,,,,,,,
357,,14072,,19704,,27659,,7947,,13587,,377.0,,5632,,29,,TINY,,469,,,,,,,
186,,6929,,9871,,27766,,18076,,20837,,311.8,,2942,,61,,SMALL,,342,,,,,,,
268,,9966,,14239,,27996,,13791,,18030,,346.3,,4273,,59,,SMALL,,306,,,,,,,
189,,7120,,10123,,28383,,18434,,21263,,315.8,,3003,,68,,SMALL,,313,,,,,,,
194,,7276,,10354,,28771,,18590,,21495,,317.2,,3078,,69,,SMALL,,312,,,,,,,
278,,10354,,14795,,28782,,14030,,18428,,349.0,,4441,,50,,TINY,,369,,,,,,,
380,,15048,,21116,,29108,,7983,,14060,,376.0,,6068,,30,,TINY,,469,,,,,,,
286,,10785,,15341,,29423,,14115,,18638,,350.0,,4556,,60,,SMALL,,311,,,,,,,
287,,10813,,15383,,29467,,14136,,18654,,350.0,,4570,,41,,TINY,,455,,,,,,,
75,,2796,,3928,,29535,,26159,,26739,,231.4,,1132,,124,,SMALL,,216,,,,,,,
108,,3952,,5566,,29730,,24500,,25778,,257.8,,1614,,105,,SMALL,,246,,,,,,,
149,,5583,,7827,,29732,,22158,,24149,,286.8,,2244,,81,,SMALL,,299,,,,,,,
109,,3981,,5608,,29900,,24613,,25919,,258.7,,1627,,120,,SMALL,,216,,,,,,,
204,,7915,,11077,,30004,,19090,,22089,,321.0,,3162,,79,,SMALL,,280,,,,,,,
298,,11134,,15866,,30066,,14234,,18932,,350.3,,4732,,59,,SMALL,,321,,,,,,,
110,,3989,,5650,,30126,,24800,,26137,,259.7,,1661,,117,,SMALL,,224,,,,,,,
398,,15932,,22316,,30159,,7833,,14227,,368.5,,6384,,31,,TINY,,459,,,,,,,
404,,16107,,22562,,30353,,7788,,14246,,366.5,,6455,,24,,TINY,,594,,,,,,,
306,,11305,,16140,,30401,,14309,,19096,,350.3,,4835,,45,,TINY,,425,,,,,,,
76,,2868,,4029,,30424,,26950,,27556,,236.0,,1161,,121,,SMALL,,228,,,,,,,
309,,11486,,16350,,30603,,14296,,19117,,350.0,,4864,,50,,TINY,,383,,,,,,,
215,,8242,,11557,,30726,,19334,,22484,,322.2,,3315,,77,,SMALL,,292,,,,,,,
311,,11597,,16474,,30803,,14369,,19206,,350.3,,4877,,53,,SMALL,,363,,,,,,,
422,,16770,,23514,,31171,,7648,,14401,,360.5,,6744,,30,,TINY,,481,,,,,,,
423,,16776,,23535,,31180,,7638,,14404,,360.0,,6759,,28,,TINY,,515,,,,,,,
319,,11810,,16841,,31245,,14456,,19435,,350.7,,5031,,41,,TINY,,475,,,,,,,
56,,2208,,3076,,31395,,28982,,29187,,217.9,,868,,142,,SMALL,,206,,,,,,,
322,,11934,,17009,,31398,,14440,,19464,,350.3,,5075,,42,,TINY,,464,,,,,,,
429,,17117,,23954,,31523,,7551,,14406,,357.0,,6837,,39,,TINY,,370,,,,,,,
431,,17133,,24017,,31568,,7550,,14435,,356.5,,6884,,22,,TINY,,657,,,,,,,
226,,8741,,12259,,31872,,19786,,23131,,326.5,,3518,,69,,SMALL,,336,,,,,,,
122,,4408,,6280,,32183,,26228,,27775,,269.7,,1872,,116,,SMALL,,240,,,,,,,
167,,6291,,8878,,32222,,23581,,25931,,298.0,,2587,,97,,SMALL,,268,,,,,,,
229,,8932,,12511,,32314,,19978,,23382,,328.2,,3579,,67,,SMALL,,349,,,,,,,
170,,6317,,8952,,32335,,23617,,26018,,298.0,,2635,,100,,SMALL,,261,,,,,,,
232,,8994,,12637,,32517,,20049,,23523,,328.8,,3643,,73,,SMALL,,323,,,,,,,
448,,17836,,25041,,32528,,7478,,14692,,352.5,,7205,,30,,TINY,,490,,,,,,,
453,,17954,,25251,,32673,,7405,,14719,,350.0,,7297,,38,,TINY,,388,,,,,,,
459,,18134,,25534,,32873,,7330,,14739,,347.0,,7400,,30,,TINY,,492,,,,,,,
461,,18344,,25766,,33076,,7298,,14732,,345.5,,7422,,33,,TINY,,447,,,,,,,
464,,18456,,25904,,33188,,7279,,14732,,344.0,,7448,,26,,TINY,,567,,,,,,,
247,,9198,,13122,,33194,,20249,,23996,,330.0,,3924,,65,,SMALL,,370,,,,,,,
88,,3231,,4596,,33738,,29680,,30507,,252.7,,1365,,138,,SMALL,,222,,,,,,,
478,,18993,,26723,,33976,,7248,,14983,,342.5,,7730,,26,,TINY,,577,,,,,,,
258,,9587,,13685,,34264,,20747,,24677,,335.2,,4098,,74,,SMALL,,334,,,,,,,
349,,13742,,19263,,34345,,15118,,20603,,356.7,,5521,,57,,SMALL,,362,,,,,,,
486,,19264,,27122,,34360,,7225,,15096,,341.0,,7858,,34,,TINY,,444,,,,,,,
354,,13983,,19559,,34717,,15191,,20734,,357.0,,5576,,60,,SMALL,,346,,,,,,,
355,,14002,,19601,,34782,,15233,,20780,,357.3,,5599,,41,,TINY,,507,,,,,,,
496,,19819,,27809,,34980,,7164,,15161,,337.5,,7990,,28,,TINY,,542,,,,,,,
498,,19896,,27935,,35087,,7152,,15191,,337.0,,8039,,21,,TINY,,724,,,,,,,
365,,14338,,20115,,35263,,15194,,20925,,356.0,,5777,,47,,TINY,,446,,,,,,,
368,,14377,,20220,,35349,,15181,,20972,,355.7,,5843,,41,,TINY,,512,,,,,,,
370,,14424,,20304,,35418,,15162,,20994,,355.3,,5880,,45,,TINY,,467,,,,,,,
140,,5150,,7265,,35708,,28768,,30558,,287.2,,2115,,116,,SMALL,,264,,,,,,,
142,,5157,,7328,,35913,,28911,,30756,,288.2,,2171,,115,,SMALL,,268,,,,,,,
48,,1895,,2641,,36021,,34085,,34126,,218.6,,746,,162,,SMALL,,211,,,,,,,
379,,15046,,21074,,36070,,15043,,21024,,352.7,,6028,,46,,TINY,,458,,,,,,,
35,,1400,,1910,,36116,,35166,,34716,,200.6,,510,,183,,SMALL,,190,,,,,,,
146,,5459,,7638,,36220,,28904,,30761,,287.5,,2179,,119,,SMALL,,259,,,,,,,
386,,15368,,21518,,36390,,14924,,21022,,349.7,,6150,,41,,TINY,,513,,,,,,,
294,,10980,,15660,,36712,,21228,,25732,,338.2,,4680,,66,,SMALL,,390,,,,,,,
400,,15976,,22379,,37020,,14681,,21044,,345.7,,6403,,53,,SMALL,,398,,,,,,,
304,,11264,,16108,,37148,,21221,,25884,,337.8,,4844,,61,,SMALL,,425,,,,,,,
38,,1546,,2118,,37292,,36120,,35746,,204.9,,572,,197,,SMALL,,182,,,,,,,
157,,5840,,8264,,37529,,29601,,31689,,292.5,,2424,,105,,SMALL,,302,,,,,,,
417,,16615,,23272,,37645,,14416,,21030,,339.7,,6657,,50,,TINY,,421,,,,,,,
420,,16764,,23451,,37810,,14395,,21046,,339.0,,6687,,57,,SMALL,,370,,,,,,,
218,,8393,,11788,,37868,,26319,,29475,,318.6,,3395,,95,,SMALL,,311,,,,,,,
114,,4253,,5949,,37875,,32476,,33622,,269.1,,1696,,126,,SMALL,,267,,,,,,,
426,,16973,,23776,,38030,,14300,,21057,,336.7,,6803,,47,,TINY,,449,,,,,,,
432,,17192,,24080,,38231,,14193,,21039,,334.7,,6888,,51,,SMALL,,413,,,,,,,
328,,12320,,17460,,38557,,21269,,26237,,336.0,,5140,,70,,SMALL,,375,,,,,,,
123,,4422,,6301,,38784,,33023,,34362,,272.6,,1879,,136,,SMALL,,253,,,,,,,
447,,17807,,24999,,39009,,14049,,21202,,331.7,,7192,,54,,SMALL,,393,,,,,,,
455,,17988,,25332,,39194,,13899,,21206,,328.7,,7344,,56,,SMALL,,379,,,,,,,
235,,9040,,12742,,39233,,26728,,30193,,321.4,,3702,,97,,SMALL,,312,,,,,,,
41,,1660,,2269,,39291,,37970,,37631,,212.8,,609,,195,,SMALL,,193,,,,,,,
125,,4532,,6448,,39476,,33568,,34944,,275.7,,1916,,136,,SMALL,,257,,,,,,,
127,,4587,,6553,,40016,,34005,,35429,,278.6,,1966,,134,,SMALL,,265,,,,,,,
176,,6560,,9330,,40054,,31049,,33494,,302.2,,2770,,116,,SMALL,,289,,,,,,,
177,,6572,,9351,,40087,,31066,,33515,,302.2,,2779,,111,,SMALL,,302,,,,,,,
347,,13524,,19030,,40363,,21513,,26839,,337.0,,5506,,62,,SMALL,,433,,,,,,,
90,,3296,,4685,,40422,,36386,,37126,,257.4,,1389,,156,,SMALL,,238,,,,,,,
257,,9571,,13664,,40574,,27160,,31003,,324.0,,4093,,84,,SMALL,,370,,,,,,,
484,,19204,,27038,,40580,,13590,,21376,,320.3,,7834,,45,,TINY,,476,,,,,,,
183,,6870,,9745,,40879,,31471,,34009,,305.0,,2875,,104,,SMALL,,328,,,,,,,
271,,10047,,14386,,41559,,27420,,31512,,326.2,,4339,,87,,SMALL,,363,,,,,,,
371,,14512,,20409,,41673,,21438,,27161,,334.8,,5897,,68,,SMALL,,400,,,,,,,
275,,10246,,14639,,41810,,27415,,31564,,325.8,,4393,,90,,SMALL,,351,,,,,,,
374,,14746,,20682,,41911,,21395,,27165,,334.0,,5936,,76,,SMALL,,358,,,,,,,
104,,3680,,5291,,42075,,37433,,38395,,262.9,,1611,,156,,SMALL,,247,,,,,,,
285,,10773,,15299,,42415,,27367,,31642,,324.8,,4526,,83,,SMALL,,382,,,,,,,
290,,10830,,15467,,42522,,27308,,31692,,324.2,,4637,,81,,SMALL,,392,,,,,,,
395,,15705,,22043,,42827,,20956,,27122,,327.8,,6338,,70,,SMALL,,388,,,,,,,
303,,11238,,16066,,43117,,27289,,31879,,323.6,,4828,,96,,SMALL,,333,,,,,,,
222,,8577,,12040,,44116,,32406,,35539,,310.3,,3463,,111,,SMALL,,321,,,,,,,
161,,6142,,8637,,44169,,36078,,38027,,290.6,,2495,,130,,SMALL,,293,,,,,,,
326,,12159,,17305,,44267,,27203,,32108,,321.6,,5146,,93,,SMALL,,346,,,,,,,
444,,17715,,24852,,44719,,20039,,27004,,314.8,,7137,,70,,SMALL,,386,,,,,,,
446,,17766,,24936,,44796,,20029,,27030,,314.5,,7170,,73,,SMALL,,371,,,,,,,
58,,2262,,3153,,44882,,42691,,42620,,233.9,,891,,181,,SMALL,,236,,,,,,,
335,,12844,,18132,,45062,,27173,,32218,,320.8,,5288,,91,,SMALL,,355,,,,,,,
241,,9082,,12910,,45116,,32536,,36034,,310.7,,3828,,111,,SMALL,,325,,,,,,,
243,,9125,,12975,,45192,,32546,,36067,,310.5,,3850,,112,,SMALL,,323,,,,,,,
245,,9167,,13059,,45257,,32538,,36090,,310.3,,3892,,101,,SMALL,,358,,,,,,,
86,,3216,,4554,,45610,,41747,,42394,,255.7,,1338,,176,,SMALL,,241,,,,,,,
343,,13352,,18799,,45752,,27192,,32400,,320.4,,5447,,95,,SMALL,,342,,,,,,,
479,,19036,,26786,,46016,,19401,,26980,,304.8,,7750,,71,,SMALL,,380,,,,,,,
131,,4762,,6757,,46242,,40135,,41480,,277.4,,1995,,155,,SMALL,,268,,,,,,,
94,,3381,,4841,,46398,,42256,,43017,,257.9,,1460,,168,,SMALL,,257,,,,,,,
266,,9847,,14071,,46598,,32858,,36751,,312.0,,4224,,110,,SMALL,,335,,,,,,,
187,,6947,,9913,,46835,,37473,,39888,,298.7,,2966,,125,,SMALL,,320,,,,,,,
65,,2407,,3441,,46967,,44484,,44560,,241.8,,1034,,185,,SMALL,,241,,,,,,,
366,,14345,,20157,,47037,,27128,,32692,,318.4,,5812,,86,,SMALL,,381,,,,,,,
369,,14394,,20262,,47099,,27072,,32705,,317.8,,5868,,99,,SMALL,,331,,,,,,,
99,,3474,,5020,,47105,,42787,,43631,,260.3,,1546,,165,,SMALL,,265,,,,,,,
192,,7234,,10275,,47304,,37576,,40070,,299.0,,3041,,129,,SMALL,,311,,,,,,,
279,,10429,,14879,,47478,,32935,,37049,,311.8,,4450,,105,,SMALL,,353,,,,,,,
378,,15017,,21032,,47575,,26785,,32558,,314.6,,6015,,92,,SMALL,,354,,,,,,,
283,,10706,,15194,,47732,,32870,,37026,,311.2,,4488,,109,,SMALL,,340,,,,,,,
106,,3868,,5482,,47781,,43000,,43913,,261.0,,1614,,166,,SMALL,,265,,,,,,,
203,,7906,,11035,,48216,,37723,,40310,,299.0,,3129,,134,,SMALL,,301,,,,,,,
156,,5808,,8201,,48685,,41143,,42877,,282.0,,2393,,146,,SMALL,,294,,,,,,,
214,,8218,,11515,,48739,,37769,,40521,,298.9,,3297,,131,,SMALL,,310,,,,,,,
158,,5874,,8306,,48934,,41288,,43060,,282.8,,2432,,145,,SMALL,,297,,,,,,,
421,,16769,,23493,,49116,,25864,,32347,,304.0,,6724,,93,,SMALL,,348,,,,,,,
424,,16821,,23598,,49132,,25773,,32311,,303.0,,6777,,95,,SMALL,,341,,,,,,,
83,,3117,,4386,,49573,,46130,,46456,,248.5,,1269,,200,,SMALL,,233,,,,,,,
436,,17418,,24395,,49668,,25517,,32250,,300.0,,6977,,90,,SMALL,,359,,,,,,,
445,,17761,,24915,,50011,,25344,,32250,,298.2,,7154,,86,,SMALL,,375,,,,,,,
171,,6341,,8994,,50040,,41704,,43699,,284.6,,2653,,147,,SMALL,,298,,,,,,,
456,,18000,,25353,,50192,,25089,,32192,,295.4,,7353,,84,,SMALL,,384,,,,,,,
334,,12751,,18027,,50221,,32528,,37470,,306.3,,5276,,107,,SMALL,,351,,,,,,,
238,,9078,,12847,,50223,,37931,,41145,,299.1,,3769,,121,,SMALL,,341,,,,,,,
338,,13082,,18447,,50399,,32286,,37317,,304.3,,5365,,107,,SMALL,,349,,,,,,,
465,,18490,,25946,,50410,,24708,,31920,,290.8,,7456,,90,,SMALL,,355,,,,,,,
468,,18544,,26051,,50506,,24698,,31962,,290.6,,7507,,91,,SMALL,,352,,,,,,,
341,,13145,,18568,,50539,,32301,,37394,,304.2,,5423,,111,,SMALL,,337,,,,,,,
248,,9230,,13185,,50630,,37995,,41400,,299.1,,3955,,126,,SMALL,,329,,,,,,,
87,,3221,,4575,,50710,,47082,,47489,,252.5,,1354,,196,,SMALL,,243,,,,,,,
255,,9529,,13592,,51122,,38074,,41593,,299.4,,4063,,132,,SMALL,,316,,,,,,,
350,,13813,,19347,,51292,,32285,,37479,,303.5,,5534,,101,,SMALL,,372,,,,,,,
95,,3394,,4862,,51509,,47604,,48115,,254.7,,1468,,186,,SMALL,,259,,,,,,,
497,,19829,,27830,,51716,,24123,,31887,,284.0,,8001,,97,,SMALL,,329,,,,,,,
361,,14272,,19977,,51830,,32186,,37558,,302.2,,5705,,108,,SMALL,,348,,,,,,,
362,,14272,,19998,,51837,,32174,,37565,,302.0,,5726,,106,,SMALL,,355,,,,,,,
136,,4971,,7031,,51897,,45556,,46926,,272.8,,2060,,177,,SMALL,,266,,,,,,,
193,,7273,,10333,,52200,,42524,,44927,,288.4,,3060,,148,,SMALL,,304,,,,,,,
291,,10842,,15488,,52742,,37794,,41900,,296.6,,4646,,136,,SMALL,,309,,,,,,,
201,,7784,,10892,,52841,,42600,,45057,,288.2,,3108,,154,,SMALL,,293,,,,,,,
295,,10991,,15681,,52966,,37822,,41975,,296.4,,4690,,139,,SMALL,,302,,,,,,,
299,,11151,,15887,,53105,,37762,,41954,,295.9,,4736,,132,,SMALL,,318,,,,,,,
301,,11152,,15950,,53131,,37733,,41979,,295.6,,4798,,124,,SMALL,,339,,,,,,,
207,,8045,,11257,,53220,,42624,,45175,,287.9,,3212,,144,,SMALL,,314,,,,,,,
415,,16526,,23158,,53576,,30740,,37050,,288.8,,6632,,119,,SMALL,,312,,,,,,,
419,,16733,,23409,,53756,,30677,,37023,,288.0,,6676,,111,,SMALL,,334,,,,,,,
323,,11955,,17051,,53938,,37430,,41983,,292.7,,5096,,133,,SMALL,,316,,,,,,,
325,,12139,,17263,,54134,,37421,,41995,,292.4,,5124,,126,,SMALL,,334,,,,,,,
433,,17285,,24206,,54160,,30291,,36875,,284.5,,6921,,104,,SMALL,,355,,,,,,,
327,,12266,,17410,,54257,,37391,,41991,,292.1,,5144,,132,,SMALL,,319,,,,,,,
169,,6305,,8931,,54526,,46286,,48221,,275.2,,2626,,176,,SMALL,,274,,,,,,,
175,,6474,,9225,,55111,,46576,,48637,,276.7,,2751,,177,,SMALL,,275,,,,,,,
470,,18628,,26177,,55116,,29276,,36488,,275.2,,7549,,104,,SMALL,,351,,,,,,,
476,,18829,,26513,,55274,,29092,,36445,,273.7,,7684,,110,,SMALL,,332,,,,,,,
180,,6655,,9496,,55458,,46654,,48803,,276.9,,2841,,175,,SMALL,,279,,,,,,,
481,,19112,,26891,,55549,,28993,,36437,,272.7,,7779,,106,,SMALL,,344,,,,,,,
259,,9618,,13727,,55645,,42572,,46027,,286.1,,4109,,151,,SMALL,,305,,,,,,,
260,,9674,,13785,,55669,,42547,,45995,,285.9,,4111,,142,,SMALL,,324,,,,,,,
133,,4825,,6842,,55728,,49833,,50903,,263.3,,2017,,196,,SMALL,,260,,,,,,,
261,,9712,,13848,,55748,,42546,,46036,,285.8,,4136,,159,,SMALL,,290,,,,,,,
262,,9753,,13911,,55814,,42566,,46061,,285.8,,4158,,142,,SMALL,,325,,,,,,,
499,,19939,,27997,,56162,,28495,,36223,,267.8,,8058,,111,,SMALL,,327,,,,,,,
367,,14352,,20178,,56229,,36604,,41877,,285.1,,5826,,123,,SMALL,,341,,,,,,,
273,,10131,,14493,,56302,,42465,,46171,,284.9,,4362,,149,,SMALL,,310,,,,,,,
138,,5089,,7199,,56427,,50172,,51338,,264.6,,2110,,199,,SMALL,,258,,,,,,,
391,,15624,,21875,,57112,,35781,,41488,,279.0,,6251,,132,,SMALL,,315,,,,,,,
296,,11047,,15744,,57212,,42118,,46165,,282.4,,4697,,155,,SMALL,,298,,,,,,,
300,,11152,,15929,,57302,,42033,,46150,,281.8,,4777,,145,,SMALL,,319,,,,,,,
307,,11311,,16161,,57448,,41933,,46137,,281.0,,4850,,159,,SMALL,,291,,,,,,,
407,,16242,,22751,,57526,,35317,,41284,,275.3,,6509,,134,,SMALL,,309,,,,,,,
409,,16355,,22906,,57588,,35219,,41233,,274.4,,6551,,139,,SMALL,,297,,,,,,,
313,,11602,,16537,,57734,,41843,,46132,,280.0,,4935,,159,,SMALL,,291,,,,,,,
159,,5889,,8348,,57836,,50434,,51947,,264.9,,2459,,197,,SMALL,,264,,,,,,,
320,,11845,,16883,,57974,,41745,,46129,,279.0,,5038,,151,,SMALL,,306,,,,,,,
428,,17104,,23933,,58115,,34724,,41011,,270.1,,6829,,134,,SMALL,,307,,,,,,,
231,,8957,,12574,,58635,,46753,,49678,,275.0,,3617,,175,,SMALL,,284,,,,,,,
331,,12649,,17859,,58658,,41463,,46009,,276.9,,5210,,141,,SMALL,,327,,,,,,,
450,,17865,,25107,,58676,,34108,,40811,,265.6,,7242,,137,,SMALL,,298,,,,,,,
344,,13376,,18841,,59269,,41089,,45893,,274.5,,5465,,144,,SMALL,,319,,,,,,,
477,,18939,,26639,,59364,,33271,,40425,,259.1,,7700,,130,,SMALL,,311,,,,,,,
480,,19050,,26807,,59443,,33177,,40393,,258.4,,7757,,135,,SMALL,,300,,,,,,,
482,,19144,,26954,,59515,,33109,,40371,,257.9,,7810,,128,,SMALL,,316,,,,,,,
483,,19155,,26975,,59520,,33097,,40365,,257.7,,7820,,124,,SMALL,,326,,,,,,,
488,,19361,,27248,,59590,,32892,,40229,,256.3,,7887,,126,,SMALL,,320,,,,,,,
351,,13877,,19431,,59621,,40846,,45744,,272.6,,5554,,149,,SMALL,,308,,,,,,,
352,,13881,,19452,,59626,,40835,,45745,,272.5,,5571,,144,,SMALL,,318,,,,,,,
490,,19568,,27500,,59683,,32725,,40115,,255.0,,7932,,134,,SMALL,,300,,,,,,,
492,,19685,,27629,,59711,,32632,,40026,,254.1,,7944,,126,,SMALL,,318,,,,,,,
267,,9882,,14134,,59837,,46390,,49955,,272.1,,4252,,180,,SMALL,,278,,,,,,,
135,,4907,,6947,,59871,,54034,,54964,,255.1,,2040,,212,,LARGE,,260,,,,,,,
270,,9979,,14302,,59966,,46361,,49987,,271.8,,4323,,170,,SMALL,,295,,,,,,,
277,,10341,,14753,,60216,,46152,,49875,,270.4,,4412,,178,,SMALL,,281,,,,,,,
195,,7288,,10396,,60276,,50826,,52988,,265.4,,3108,,197,,SMALL,,269,,,,,,,
387,,15437,,21602,,60687,,39739,,45250,,264.8,,6165,,151,,SMALL,,300,,,,,,,
394,,15684,,22001,,60895,,39541,,45211,,263.5,,6317,,158,,SMALL,,287,,,,,,,
317,,11717,,16726,,61446,,45423,,49729,,265.9,,5009,,164,,SMALL,,304,,,,,,,
427,,17087,,23891,,61626,,38389,,44539,,255.9,,6804,,151,,SMALL,,295,,,,,,,
430,,17121,,23996,,61677,,38338,,44556,,255.5,,6875,,148,,SMALL,,302,,,,,,,
223,,8645,,12124,,61727,,50559,,53082,,263.1,,3479,,187,,SMALL,,284,,,,,,,
224,,8676,,12154,,61730,,50537,,53054,,262.9,,3478,,182,,SMALL,,292,,,,,,,
165,,6201,,8784,,61858,,54195,,55657,,254.9,,2583,,201,,LARGE,,277,,,,,,,
438,,17501,,24500,,61871,,38024,,44370,,253.5,,6999,,152,,SMALL,,292,,,,,,,
121,,4407,,6259,,61993,,57171,,57586,,244.5,,1852,,236,,LARGE,,245,,,,,,,
329,,12447,,17607,,61995,,45094,,49548,,263.4,,5160,,161,,SMALL,,308,,,,,,,
233,,9024,,12679,,62105,,50385,,53081,,262.0,,3655,,184,,SMALL,,289,,,,,,,
337,,13046,,18384,,62310,,44618,,49264,,260.9,,5338,,175,,SMALL,,282,,,,,,,
467,,18543,,26030,,62418,,37051,,43875,,246.8,,7487,,142,,SMALL,,309,,,,,,,
489,,19416,,27332,,62907,,36235,,43491,,241.9,,7916,,145,,SMALL,,300,,,,,,,
493,,19751,,27702,,63019,,35976,,43268,,240.1,,7951,,146,,SMALL,,297,,,,,,,
360,,14159,,19851,,63094,,43939,,48935,,256.8,,5692,,171,,SMALL,,287,,,,,,,
363,,14272,,20019,,63141,,43825,,48869,,256.1,,5747,,164,,SMALL,,298,,,,,,,
382,,15149,,21236,,63637,,43096,,48488,,252.1,,6087,,172,,SMALL,,282,,,,,,,
284,,10721,,15236,,63675,,49386,,52954,,256.5,,4515,,196,,SMALL,,271,,,,,,,
37,,1540,,2076,,63993,,65025,,62453,,201.9,,536,,302,,LARGE,,207,,,,,,,
302,,11224,,16024,,64109,,49038,,52885,,254.6,,4800,,190,,SMALL,,279,,,,,,,
82,,3099,,4365,,64728,,62408,,61629,,225.1,,1266,,269,,LARGE,,230,,,,,,,
457,,18006,,25395,,65159,,40461,,47153,,237.0,,7389,,170,,SMALL,,278,,,,,,,
460,,18247,,25643,,65208,,40266,,46961,,235.7,,7396,,166,,SMALL,,283,,,,,,,
336,,12948,,18258,,65219,,47914,,52271,,248.6,,5310,,190,,SMALL,,276,,,,,,,
466,,18515,,25988,,65309,,40023,,46794,,234.1,,7473,,165,,SMALL,,284,,,,,,,
469,,18605,,26135,,65376,,39945,,46771,,233.7,,7530,,163,,SMALL,,287,,,,,,,
471,,18644,,26219,,65397,,39865,,46753,,233.2,,7575,,180,,SMALL,,260,,,,,,,
359,,14099,,19767,,65905,,47098,,51806,,244.2,,5668,,183,,SMALL,,284,,,,,,,
377,,14973,,20969,,66344,,46320,,51371,,240.4,,5996,,198,,SMALL,,260,,,,,,,
392,,15635,,21896,,66760,,45811,,51125,,237.7,,6261,,196,,SMALL,,261,,,,,,,
406,,16221,,22709,,67003,,45246,,50782,,234.8,,6488,,191,,SMALL,,266,,,,,,,
410,,16357,,22927,,67068,,45103,,50711,,234.0,,6570,,181,,SMALL,,281,,,,,,,
324,,12013,,17121,,67471,,51469,,55458,,240.3,,5108,,203,,LARGE,,274,,,,,,,
439,,17527,,24558,,67659,,44045,,50132,,228.6,,7031,,199,,SMALL,,252,,,,,,,
440,,17534,,24579,,67672,,44044,,50138,,228.5,,7045,,192,,SMALL,,262,,,,,,,
442,,17656,,24747,,67716,,43931,,50060,,227.9,,7091,,181,,SMALL,,277,,,,,,,
173,,6454,,9162,,67918,,60558,,61464,,235.2,,2708,,252,,LARGE,,244,,,,,,,
473,,18652,,26282,,68070,,42747,,49418,,221.7,,7630,,184,,SMALL,,269,,,,,,,
474,,18772,,26408,,68128,,42668,,49356,,221.3,,7636,,195,,SMALL,,254,,,,,,,
475,,18822,,26492,,68136,,42600,,49314,,220.9,,7670,,187,,SMALL,,264,,,,,,,
179,,6600,,9433,,68159,,60539,,61559,,234.9,,2833,,241,,LARGE,,256,,,,,,,
487,,19296,,27164,,68363,,42148,,49067,,218.7,,7868,,194,,SMALL,,253,,,,,,,
66,,2410,,3462,,68598,,68243,,66188,,210.7,,1052,,303,,LARGE,,219,,,,,,,
196,,7541,,10593,,68967,,60177,,61426,,233.3,,3052,,251,,LARGE,,245,,,,,,,
383,,15170,,21272,,69017,,48860,,53847,,228.0,,6102,,207,,LARGE,,261,,,,,,,
98,,3444,,4978,,70972,,69103,,67528,,212.8,,1534,,301,,LARGE,,225,,,,,,,
384,,15237,,21362,,71377,,51463,,56140,,217.8,,6125,,225,,LARGE,,250,,,,,,,
372,,14539,,20472,,73403,,54736,,58864,,211.8,,5933,,249,,LARGE,,237,,,,,,,
220,,8470,,11893,,74579,,65115,,66109,,215.3,,3423,,300,,LARGE,,221,,,,,,,
84,,3140,,4428,,74875,,75031,,71735,,200.8,,1288,,341,,LARGE,,211,,,,,,,
375,,14769,,20724,,75781,,57109,,61012,,203.7,,5955,,262,,LARGE,,233,,,,,,,
27,,1155,,1542,,76442,,81372,,75287,,174.1,,387,,429,,LARGE,,176,,,,,,,
80,,3072,,4281,,76819,,77362,,73747,,195.4,,1209,,379,,LARGE,,195,,,,,,,
118,,4376,,6159,,76903,,75309,,72527,,201.2,,1783,,360,,LARGE,,202,,,,,,,
164,,6197,,8742,,76979,,72044,,70782,,205.7,,2545,,332,,LARGE,,214,,,,,,,
348,,13582,,19100,,77577,,60917,,63995,,200.9,,5518,,289,,LARGE,,222,,,,,,,
141,,5157,,7307,,78020,,75297,,72863,,200.9,,2150,,341,,LARGE,,214,,,,,,,
293,,10969,,15639,,78417,,65870,,67448,,201.4,,4670,,318,,LARGE,,213,,,,,,,
19,,915,,1176,,78847,,86053,,77932,,164.8,,261,,469,,LARGE,,167,,,,,,,
115,,4302,,6033,,78987,,77784,,74685,,195.9,,1731,,373,,LARGE,,201,,,,,,,
345,,13439,,18925,,79579,,63761,,66140,,194.6,,5486,,303,,LARGE,,219,,,,,,,
256,,9552,,13622,,79683,,69861,,70131,,198.7,,4070,,339,,LARGE,,207,,,,,,,
205,,7940,,11110,,80505,,73978,,72565,,196.7,,3170,,342,,LARGE,,213,,,,,,,
230,,8956,,12553,,81233,,73252,,72277,,194.6,,3597,,353,,LARGE,,205,,,,,,,
463,,18439,,25862,,81384,,58629,,62945,,178.2,,7423,,303,,LARGE,,208,,,,,,,
188,,7103,,10081,,83855,,79228,,76752,,187.6,,2978,,393,,LARGE,,196,,,,,,,
321,,11848,,16904,,84910,,72845,,73062,,182.1,,5056,,364,,LARGE,,201,,,,,,,
105,,3839,,5440,,86084,,88223,,82245,,177.5,,1601,,458,,LARGE,,180,,,,,,,
93,,3377,,4810,,87481,,91052,,84104,,174.2,,1433,,470,,LARGE,,179,,,,,,,
185,,6929,,9850,,87579,,84197,,80650,,178.9,,2921,,433,,LARGE,,187,,,,,,,
397,,15872,,22232,,88242,,71466,,72370,,167.7,,6360,,391,,LARGE,,186,,,,,,,
315,,11652,,16621,,88563,,77888,,76911,,173.5,,4969,,405,,LARGE,,190,,,,,,,
24,,1046,,1386,,89717,,99599,,88671,,153.5,,340,,579,,LARGE,,154,,,,,,,
437,,17479,,24458,,90598,,72072,,73119,,159.6,,6979,,419,,LARGE,,175,,,,,,,
263,,9776,,13945,,91149,,84797,,81373,,169.3,,4169,,444,,LARGE,,184,,,,,,,
494,,19777,,27744,,91203,,69399,,71426,,153.2,,7967,,411,,LARGE,,174,,,,,,,
160,,6054,,8537,,92245,,92468,,86191,,168.6,,2483,,492,,LARGE,,176,,,,,,,
435,,17392,,24353,,92319,,74437,,74927,,156.2,,6961,,430,,LARGE,,175,,,,,,,
100,,3501,,5062,,93015,,97224,,89514,,163.8,,1561,,522,,LARGE,,172,,,,,,,
166,,6204,,8805,,94000,,94181,,87796,,164.7,,2601,,518,,LARGE,,170,,,,,,,
249,,9312,,13290,,94341,,89819,,85029,,163.0,,3978,,484,,LARGE,,176,,,,,,,
10,,542,,720,,94410,,108226,,93868,,138.2,,178,,665,,LARGE,,142,,,,,,,
495,,19818,,27788,,94551,,74346,,74733,,146.4,,7970,,454,,LARGE,,165,,,,,,,
280,,10589,,15026,,94800,,88529,,84211,,160.4,,4437,,497,,LARGE,,170,,,,,,,
282,,10639,,15110,,94834,,88484,,84195,,160.2,,4471,,492,,LARGE,,172,,,,,,,
340,,13142,,18526,,95828,,86068,,82686,,155.4,,5384,,486,,LARGE,,171,,,,,,,
276,,10300,,14690,,96238,,90542,,85938,,157.3,,4390,,510,,LARGE,,169,,,,,,,
403,,16099,,22541,,96683,,82911,,80584,,149.0,,6442,,483,,LARGE,,167,,,,,,,
39,,1566,,2143,,96756,,108121,,95190,,148.0,,577,,629,,LARGE,,152,,,,,,,
137,,5060,,7136,,97644,,101790,,92584,,156.2,,2076,,565,,LARGE,,164,,,,,,,
190,,7160,,10186,,97686,,97927,,90526,,156.5,,3026,,560,,LARGE,,162,,,,,,,
292,,10913,,15576,,98005,,91699,,87092,,152.9,,4663,,523,,LARGE,,167,,,,,,,
152,,5637,,7953,,98036,,101361,,92399,,155.4,,2316,,569,,LARGE,,163,,,,,,,
310,,11590,,16453,,98230,,91046,,86640,,151.7,,4863,,524,,LARGE,,166,,,,,,,
443,,17674,,24789,,98514,,82719,,80840,,142.2,,7115,,510,,LARGE,,159,,,,,,,
434,,17355,,24290,,99774,,84737,,82419,,140.0,,6935,,540,,LARGE,,153,,,,,,,
390,,15522,,21749,,100641,,89334,,85119,,140.9,,6227,,545,,LARGE,,157,,,,,,,
29,,1191,,1605,,100995,,116033,,99804,,137.7,,414,,717,,LARGE,,140,,,,,,,
254,,9527,,13571,,101466,,100112,,91939,,146.2,,4044,,588,,LARGE,,157,,,,,,,
399,,15958,,22358,,101959,,90879,,86001,,137.1,,6400,,569,,LARGE,,152,,,,,,,
31,,1229,,1675,,102474,,118274,,101245,,135.7,,446,,730,,LARGE,,139,,,,,,,
126,,4582,,6532,,102589,,110588,,98007,,145.1,,1950,,649,,LARGE,,152,,,,,,,
128,,4653,,6620,,102618,,110531,,97965,,144.9,,1967,,647,,LARGE,,152,,,,,,,
373,,14729,,20640,,102836,,94414,,88107,,136.7,,5911,,587,,LARGE,,151,,,,,,,
111,,4001,,5671,,103143,,112001,,99142,,142.7,,1670,,672,,LARGE,,148,,,,,,,
314,,11620,,16579,,103349,,99279,,91729,,139.4,,4959,,616,,LARGE,,149,,,,,,,
234,,9025,,12700,,103553,,104356,,94528,,141.3,,3675,,634,,LARGE,,150,,,,,,,
462,,18389,,25811,,103621,,90031,,85232,,129.2,,7422,,584,,LARGE,,146,,,,,,,
59,,2299,,3216,,103647,,117087,,101348,,138.8,,917,,704,,LARGE,,144,,,,,,,
252,,9502,,13508,,104777,,105793,,95275,,137.5,,4006,,656,,LARGE,,146,,,,,,,
393,,15660,,21959,,105226,,96777,,89566,,129.5,,6299,,627,,LARGE,,143,,,,,,,
485,,19237,,27059,,105787,,92231,,86550,,122.4,,7822,,634,,LARGE,,137,,,,,,,
96,,3429,,4915,,105870,,118421,,102441,,135.5,,1486,,739,,LARGE,,139,,,,,,,
418,,16685,,23356,,106400,,97580,,89715,,125.0,,6671,,644,,LARGE,,140,,,,,,,
97,,3433,,4936,,106817,,121166,,103384,,133.0,,1503,,757,,LARGE,,137,,,,,,,
414,,16464,,23088,,107289,,98733,,90825,,122.9,,6624,,669,,LARGE,,136,,,,,,,
69,,2615,,3681,,108687,,128033,,106072,,127.0,,1066,,811,,LARGE,,131,,,,,,,
74,,2795,,3907,,108764,,127882,,105969,,126.7,,1112,,813,,LARGE,,131,,,,,,,
78,,2936,,4128,,109006,,127906,,106070,,126.7,,1192,,810,,LARGE,,131,,,,,,,
40,,1617,,2206,,109084,,132898,,107467,,123.1,,589,,854,,LARGE,,126,,,,,,,
332,,12674,,17901,,109200,,108774,,96526,,122.2,,5227,,730,,LARGE,,133,,,,,,,
172,,6361,,9036,,109221,,120826,,102860,,127.2,,2675,,780,,LARGE,,132,,,,,,,
389,,15515,,21728,,109677,,105420,,94162,,117.6,,6213,,734,,LARGE,,129,,,,,,,
413,,16451,,23046,,109807,,104243,,93356,,116.1,,6595,,723,,LARGE,,130,,,,,,,
33,,1331,,1822,,110213,,137642,,108882,,119.1,,491,,886,,LARGE,,123,,,,,,,
281,,10591,,15047,,110249,,115849,,99658,,120.7,,4456,,774,,LARGE,,129,,,,,,,
198,,7716,,10782,,110284,,121133,,102568,,123.0,,3066,,793,,LARGE,,130,,,,,,,
211,,8165,,11414,,110463,,120683,,102298,,122.3,,3249,,790,,LARGE,,130,,,,,,,
228,,8822,,12385,,110597,,119849,,101775,,121.3,,3563,,787,,LARGE,,130,,,,,,,
405,,16121,,22604,,111055,,109096,,94934,,112.1,,6483,,776,,LARGE,,123,,,,,,,
441,,17546,,24621,,111217,,107243,,93671,,109.7,,7075,,774,,LARGE,,122,,,,,,,
358,,14087,,19725,,111414,,113326,,97327,,113.2,,5638,,787,,LARGE,,124,,,,,,,
491,,19585,,27542,,111945,,106042,,92360,,104.2,,7957,,785,,LARGE,,118,,,,,,,
454,,17987,,25311,,112311,,110030,,94324,,104.7,,7324,,808,,LARGE,,117,,,,,,,
342,,13157,,18589,,112360,,118218,,99203,,110.1,,5432,,826,,LARGE,,121,,,,,,,
385,,15276,,21404,,112523,,115557,,97247,,107.0,,6128,,835,,LARGE,,117,,,,,,,
210,,8115,,11338,,112653,,128942,,104538,,113.5,,3223,,863,,LARGE,,122,,,,,,,
225,,8707,,12217,,112771,,128172,,104064,,112.6,,3510,,872,,LARGE,,120,,,,,,,
61,,2319,,3273,,112837,,143045,,110518,,112.6,,954,,942,,LARGE,,118,,,,,,,
346,,13444,,18946,,112851,,119926,,99407,,107.6,,5502,,853,,LARGE,,117,,,,,,,
289,,10821,,15425,,112977,,125162,,102156,,109.2,,4604,,880,,LARGE,,117,,,,,,,
411,,16396,,22969,,113067,,116127,,96671,,103.2,,6573,,845,,LARGE,,115,,,,,,,
318,,11719,,16747,,113098,,123972,,101379,,107.8,,5028,,869,,LARGE,,117,,,,,,,
472,,18652,,26261,,113187,,112956,,94535,,99.5,,7609,,844,,LARGE,,113,,,,,,,
143,,5193,,7370,,113270,,137018,,108077,,111.0,,2177,,939,,LARGE,,116,,,,,,,
200,,7777,,10871,,113342,,132493,,105565,,109.7,,3094,,908,,LARGE,,117,,,,,,,
401,,16055,,22461,,113354,,118512,,97299,,101.7,,6406,,871,,LARGE,,112,,,,,,,
117,,4373,,6138,,113415,,140742,,109042,,110.0,,1765,,958,,LARGE,,114,,,,,,,
240,,9079,,12889,,113434,,130557,,104355,,107.5,,3810,,918,,LARGE,,114,,,,,,,
288,,10814,,15404,,113522,,128145,,102708,,104.9,,4590,,903,,LARGE,,114,,,,,,,
388,,15480,,21665,,113526,,121115,,98046,,100.4,,6185,,883,,LARGE,,112,,,,,,,
416,,16548,,23200,,113549,,119605,,97001,,98.7,,6652,,881,,LARGE,,111,,,,,,,
425,,16879,,23661,,113567,,119146,,96688,,98.2,,6782,,897,,LARGE,,108,,,,,,,
199,,7768,,10850,,113764,,137269,,105996,,103.2,,3082,,967,,LARGE,,110,,,,,,,
274,,10181,,14556,,113846,,133634,,103665,,99.5,,4375,,978,,LARGE,,106,,,,,,,
272,,10127,,14472,,113902,,134220,,103775,,97.6,,4345,,993,,LARGE,,105,,,,,,,
339,,13127,,18505,,113920,,130201,,100793,,93.7,,5378,,997,,LARGE,,102,,,,,,,
353,,13941,,19515,,113937,,129209,,99996,,92.7,,5574,,996,,LARGE,,101,,,,,,,
